スレ数,ID,コメント,投稿時刻
0,ID:vwueNT2R0,!extend:checked:vvvvvv:  ここはメイドインアビスについて語るスレです。  Webコミックガンマにて毎月10・20・30日のいずれかに更新。  コミックス1～7巻発売中。  単行本未収録の一部は無料で読めます。  http://mangalifewin.takeshobo.co.jp/rensai/madeinabyss/  ◆あらすじ  隅々まで探索されつくした世界に、唯一残された秘境の大穴『アビス』。  どこまで続くとも知れない深く巨大なその縦穴には、奇妙奇怪な生物たちが生息し、今の人類では作りえない貴重な遺物が眠っている。  アビスの縁に築かれた街『オース』に暮らす孤児のリコは、いつか母のような偉大な探窟家になり、アビスの謎を解き明かすことを夢見ていた。  そんなある日、リコはアビスを探窟中に、少年の姿をしたロボットを拾い…？  ◆作者Twitter　http://twitter.com/tukushia  ◆作者HP http://doorbeetle.sa●kura.ne.jp/  （２ｃｈではさくらインターネットへのリンクはNGです、●を削除してアクセスしてください）  ◆公式アニメサイト  http://miabyss.com  ◆公式アンソロジー  http://mangalifewin.takeshobo.co.jp/rensai/abyss_anthology/  次スレは>>950が建ててください。建てられない場合、安価指定お願いします。  ・次スレ作成時>>1の文頭1～2行目に  「!extend:checked:vvvvvv:」をコピペして貼り付け、3行目から通常テンプレを書き込んで下さい。  ◆前スレ  【つくしあきひと】メイドインアビス 深界164層 ･  https://fate.5ch.net/test/read.cgi/comic/1549209351/ VIPQ2_EXTDAT: checked:vvvvvv:1000:512:----: EXT was configured  https://twitter.com/5chan_nel (5ch newer account),2019/02/15 0:12:30
1,ID:hstIdyRB0,●アビスの上昇負荷  1層『アビスの淵』/0～1350m/→軽い目眩と吐き気  2層『誘いの森』/1350～2600m/→重い吐き気、頭痛、末端の痺れ  3層『大断層』/2600～7000m/→上記に加え、平衡感覚に異常、幻覚や幻聴  4層『巨人の盃』/7000～12000m/→全身に激痛、穴という穴から流血  5層『なきがらの海』/12000～13000m/→全感覚の喪失、それに伴う意識混濁、自傷行為  6層『還らずの都』/13000～15500m/→人間性の喪失、もしくは死に至る  7層『最果ての渦』/15500～???m/→確実な死  深界極点『奈落の底』/20000m以深/   奈落文字解読表vol.5  http://i.imgur.com/ErwG1rc.jpg   奈落文字の更新版  http://i.imgur.com/COgjiUz.jpg   (おいこら対策),2019/02/15 0:23:43
2,ID:hstIdyRB0,●質問や考察についての注意　  同一スレ内で同じ質問が頻発すると辛辣な回答が返ってくる事が多々あります。  お互い無用な衝突を避ける為に過去レスや原作をよく読み返して、自己解決に努めましょう！   ◆よくある質問  Q.ライザの白笛ってトーカ？  A.トーカと結婚した時点で今の物と同じ白笛を持っている事、トーカが死んだのは四層より上であり、条件を満たすのは困難と思われます。  Q.オーゼンの言うあの子って？  A.ライザがリコの育児係に指名したジルオと思われます。  Q.祈手って全員ゾアホ？  A.自ら黎明卿の理想に身を捧げた者が祈り手になるようです。  精神を植え付けられても、自我を切り替えて独立化する事も可能なようです。  Q.ゾアホリックは破壊されたの？  A.ニコ生情報によれば「プルシュカの願いを汲んだので、破壊していない」との事。  考察は諸説ある。  Q.トコシエソウ？  A.トコシエコウ←,2019/02/15 0:24:02
3,ID:hstIdyRB0,◆悠遠語考察  ハディマエ:ああ、おっと、感嘆符も表している  インデブ:嘘のようだけど本当(6割)、感動(4割)  ハニいすく・ハニースク:寝床とヒトの食事 、おやど  ジャコぷふ:頼む(4割)、特別(3割)、刺激(3割)  イルぶる:村(5割)、揺りかご(4割)、母(1割)  コンぼす:了解  マェン:甘めの肯定(そうだよ、程度？)  ンガム:甘めの否定(違うよ、程度？)  イェンメェ:ありがとう(8割)  リェゾーチ:ごめんなさい  ミミウ:ちょっと失礼  ファモ:またね  ラホッス:してほしい、おねがい  サンサイカ:行きたい  ケフケフェリ？:どのくらいの価値？  ｼｭｶｴｲｷﾞｨﾂｺﾞｯｼｭｿｽ:私を買うと破産します  ｺﾌﾞﾁｬｯｷｭｳｼﾞﾝｼｰﾂﾌｧｯﾌ:君はロボとふわふわを知っているか？  ﾗﾎｯﾁｭｿｽｼﾞﾝｼｰﾂﾌｧｯﾌ:ロボおよびふわふわを求めています  んガンガ:いやその  までぃも:わかんない  めんメェ:おいで  ハグン:けむり  ハク:たからもの  ブルーそう:こんにちは  クグふぁもホンでいっそす:こどもはかわいいですね  ファッツェンぶれェ:いくぜ皆のもの  インデまぇン:もちろんだよ  ウィーゴリィイー:押さえつけて  サゾンファッツ:鉄線隊  メポポホン:居眠りさん  クベキャサス:焼いた材料(クベク)すする(ヤッサス) ぬ,2019/02/15 0:24:22
4,ID:hstIdyRB0,◆新規固有名詞 (暫定)  ドグープ:目の奥(血の家？)  ファプタ:姫  メディポー:楽器  メディポトゥート:ヒト結晶の楽器  ゾーム:呪い   ◆えろこさんテンプレ  7巻P156　ヴエロエルコの重なった文字解読  https://i.imgur.com/LhiesoQ.png  「踏みにじられた」「わたしの」「かわいそうな」「かわいい」   ◆劇場版テンプレ  劇場版総集編　【前編】旅立ちの夜明け  2019年1月4日（金）公開   劇場版総集編　【後編】 放浪する黄昏  2019年1月18日（金）公開   ◆履歴のグラフ化  https://i.imgur.com/595JZMz.png  https://i.imgur.com/VzwWw8y.png  https://i.imgur.com/MP3i2BZ.png,2019/02/15 0:24:40
5,ID:hstIdyRB0,テンプレは以上  >>1乙そす！,2019/02/15 0:25:18
6,ID:ymPL308L0,いちに呪いと祝福を,2019/02/15 0:32:43
7,ID:FxDVkUz/a,>>1アンドテンプレ乙  保守ほす,2019/02/15 0:33:03
8,ID:4kQu6pSNd,>>1のためなら全てを捧ぐそす   って昨日メアビファンのオタ子に声をかけられて振り返ったらいきなりチョコをわたされて中身を開けたらナナチョコだったらいいのになぁぁぁ↓,2019/02/15 0:42:39
9,ID:71iX3OKT0,>>1おつかれそす  ファプタの抜け毛入りチョコ小動物の肛門詰めプレゼントするそす！,2019/02/15 0:45:56
10,ID:71iX3OKT0,てか最近ナナチの姿だいぶ見てない気がする  ケモナー的にとても辛い状況  鮮烈デビューで期待値が爆発した頼みの綱ファプタもあんまり活躍しないそすし  最近まああさんで慰めている状況でまああああ,2019/02/15 0:54:33
11,ID:4kQu6pSNd,前スレのナナチを複乳と信じてやまない集団なんなん！？  ナナチのおっぱいがいっぱいだとうれしいの！？マザコンなの！？,2019/02/15 0:58:03
12,ID:g32CWOMk0,まああ！  https://i.imgur.com/xbJpZKe_d.jpg?maxwidth=640&shape=thumb&fidelity=medium.jpg,2019/02/15 1:00:48
13,ID:g32CWOMk0,>>12  単孔類にはそもそも乳首が無くておなかから母乳が染み出して来るのを知らんのか？  単孔類だからオスもメスもアナルでしか性交しないんだぞ,2019/02/15 1:03:01
14,ID:4kQu6pSNd,それからナナチクビがピンクに見えるとかそれ幻覚だから！ありえないから！  あんなフサフサなのにピンク見えるわけないから！  ナナチクビカラーはアンタッチャブル地帯ナナチバストに触れナナチフワフワを分け入ったものにだけ確認が許される領域だから！,2019/02/15 1:04:53
15,ID:4kQu6pSNd,>>14  知らんがな  うんこもおしっこも性交も出産も同じ穴でセックスのとき間違う心配がないやつのことなんて知らんがな,2019/02/15 1:11:03
16,ID:4kQu6pSNd,>>13  それから何回同じ画像投稿すんねん！  反射的に開く度ひゃっ、ってなるねん！  よく見たら全然まああじゃないしスレチだし  冷静に考えるとすごいセクハラレスだし  太くて短いの好かんそす！,2019/02/15 1:17:28
17,ID:ymPL308L0,母乳はそもそも脇汗が変化したものなので乳房とは発生が別,2019/02/15 1:19:13
18,ID:4kQu6pSNd,>>18  そうなのか！？  脇を見るとペロペロしたくなるあれは本能だったのか,2019/02/15 1:25:43
19,ID:4kQu6pSNd,話がスレチになりそうなので無理矢理戻すぜ  ナナチの脇をペロペロしたときの鳴き声  「んななななななっ！」  ナナチクビを甘がみしたときの鳴き声  「んにゃは★」,2019/02/15 1:29:01
20,ID:4kQu6pSNd,以上ほしゅそす  すませんそす  正直すまんそす！,2019/02/15 1:31:40
21,ID:n8AbVxBm0,保守なら仕方ない,2019/02/15 1:38:13
22,ID:ymPL308L0,ほすおつ  脱線もいたしかたなし,2019/02/15 1:45:28
23,ID:71iX3OKT0,>>15  ナナチフワフワって他に言い方ないかな  ナナチアンゴラ  アンゴラナナチ,2019/02/15 2:02:11
24,ID:vwueNT2R0,ふあふあナナチ,2019/02/15 2:04:55
25,ID:hSzkyO5Ld,>>1乙  フワチ,2019/02/15 2:38:18
26,ID:g32CWOMk0,>>17  まさかこのスレでセクハラを咎められるとは思わなかった  セクシーハラショー！,2019/02/15 2:41:12
27,ID:hvJG+J1x0,ナナチを奈落に落とすゲーム  https://pbs.twimg.com/media/DzYfH7aUYAAI0Iz.jpg,2019/02/15 5:01:42
28,ID:5qajwoIa0,んなおつ,2019/02/15 7:54:01
29,ID:71iX3OKT0,>>20  レグ「ナナチの脇はスパイシーな冒険の香り  ナナチのバストは今はなきお母さんへの憧！憬！  ナナチのお腹は実家のような安心感んんんすはー」  ナナチ「んなあ～嗅ぐなぁ～」  ファプタ「レグはファプタのそす！」  レグ「これは･･･太陽っ！干したてのおふとんのような･･･」  ナナチ「誰でもいいのかよ！(泣き怒)」   こんな3人の絡みを次回期待してはや1年･･･  ふわふわは遠くになかりけり,2019/02/15 10:50:54
30,ID:QLl408OHa,レグ、火葬砲でイルぶるを消すそす  ハテの子も「私に構わずやって」言てたそす  ファプタが聞いたから間違いないそす,2019/02/15 11:02:45
31,ID:w0nml9N2r,セクハラ＝セクシーな腹,2019/02/15 11:19:43
32,ID:71iX3OKT0,レグ「御意！」ズバァァァン！  ファプ「うぉい！ハテの子だけ選択して残して村消し飛ばしてるそす！」  レグ「さあ約束は守ったので何でも願いを聞いてもらうぞ！  ナナチとユニット組んで↓これ歌ってください(懇願)」  https://youtu.be/sVeDTOuXn3o   リコ「何これ」,2019/02/15 11:21:06
33,ID:/nEVaVE3d,>>33  よく見たらボーカルマルルクじゃねーか！  この曲で  vo&ギター マルルク  ドラム ファプタ(スティック4本持ち)  ベース ナナチ  でバンドMMD作ってください！  リコはなんか踊りながら会場煽る人で,2019/02/15 11:33:32
34,ID:vu0hqnJla,20日には更新くるかなあ,2019/02/15 19:21:06
35,ID:JEzaqUll0,来るような気しかしない,2019/02/15 19:26:46
36,ID:PMZNkdbXd,せやろか…,2019/02/15 19:38:23
37,ID:71iX3OKT0,例年なら年末挟んでの更新は2ヶ月～100日だが果たして,2019/02/15 19:49:06
38,ID:K+dB5ypCp,4月まで何もできないと仰っているが  これは原稿込みでの発言なのか原稿すらできないのか  なんとかしたいですよね,2019/02/15 19:56:14
39,ID:+xkZjKKU0,アニメ板で見つけたので転載  https://i.imgur.com/IYFD4fC.jpg   5chベストアニメランキング2017年1位がメイドインアビスだったなんて知らんかった,2019/02/15 22:12:30
40,ID:4SXq3Kb/0,リョナが好きなわけではないし  リコには幸せになって欲しいと思うけど  冒険が何もかも都合よく進むと  どうしても物語を陳腐に見せてしまうし  アビスには重いシーンで胸が苦しくなる事を期待してしまっている,2019/02/15 22:13:02
41,ID:m6WmtGgTa,リコは心も体も辛くなるんなぁ,2019/02/15 22:14:34
42,ID:HWvMLEPW0,つくし卿に裏切られ続けたい,2019/02/15 22:35:25
43,ID:vu0hqnJla,イルミューイはいつまで会話ができるんだろ  どのくらい人間性を保つのか  村イコールイルミューイなら  どのように巨大化してしまうのか,2019/02/15 22:38:28
44,ID:FM1s8c9v0,ヴ、ヴエコー、助けて、くれぇ,2019/02/15 22:46:28
45,ID:hbi2DYD50,PCのウェブブラウザでココ見てるんだけど、  ところどころに挟まるFANZA(旧DMM)のエロ同人の広告で、  「メイド・イン・マ〇コ!!」  とか書いてあるのはなんでなんだぜ？  なんなの？ピンポイントで私が見てるスレッドを狙ってるとでもいうの？なんなｎ,2019/02/15 22:54:55
46,ID:71iX3OKT0,>>40  2017って激戦の年だったんだな  5chで人気ありそうなけもフレ抜いてよく1位になったな  こらボ卿編は話題になりそうだな,2019/02/15 22:59:38
47,ID:+DutxNJsd,>>46  俺のはメイドインアビススレ見てるときはなぜかBL系エロ漫画広告が表示される  そこまで性癖歪んでねーっつーの,2019/02/15 23:03:27
48,ID:5qajwoIa0,全部ホモでは？,2019/02/15 23:05:48
49,ID:1+4Pk1qJ0,ケモナー系のエロが表示されるまではまだ普通の性癖の範囲,2019/02/15 23:07:30
50,ID:+DutxNJsd,>>45  ヴエコ「やめろぉ！イルミューーーーーーーーイ！！！」   ワズキャン「いいね！宇宙が生まれようとしている」,2019/02/15 23:17:20
51,ID:1aMUV3g50,こちとら対魔忍アサギやぞ,2019/02/15 23:18:34
52,ID:tWw2z1n00,地臥せりのチャラい奴とんでもなく好きなんだけど不動卿にメイド服でお仕えしてた世界線あったりせんかな..........どこに？どこに？,2019/02/15 23:25:16
53,ID:hbi2DYD50,>>48  何回かリロードしてみるのです… いや…どーでもいいけど…,2019/02/15 23:29:21
54,ID:hbi2DYD50,メイドイン～とか被ってるなーと思っただけです…,2019/02/15 23:52:36
55,ID:g32CWOMk0,>>48  最近のグーグル先生は検索履歴を集計して予測検索してくるからなぁ  見張られてんだよ  グーグル先生に,2019/02/15 23:55:33
56,ID:L6YpsTXTp,深淵かな？,2019/02/16 1:11:02
57,ID:xZtHcQPv0,クレーンナナチ探してるけど見つからない  何系のゲーセンに置いてあるの？,2019/02/16 1:20:46
58,ID:iYXekmyH0,グーグルを覗くとき、グーグルもまたこちらを覗いているのだ。,2019/02/16 1:22:22
59,ID:63eRzzff0,>>59  その通り過ぎてネタになってないw,2019/02/16 1:49:02
60,ID:E7JULBan0,向こうは何億単位の利用者がいるから  よほど特異な性癖でもないと一般人に埋もれるからセーフ………あれ？,2019/02/16 2:08:07
61,ID:iYXekmyH0,日本じゃヤギ姦通してもセーフだから,2019/02/16 2:22:13
62,ID:2WHEugeF0,ナナチは余裕でセーフだな,2019/02/16 2:23:59
63,ID:knhmQwi/0,>>58  タイトーで見かけた,2019/02/16 2:30:41
64,ID:q7b8V78D0,>>58  オタショップによっては商品として売ってるとこもある  イエローサブマリンとかコトブキヤとかボークスみたいな  アキバあたりにありそうな店舗   自分が見かけたのは1600円だったかな…  たぶんプライズで取るのは、その倍使ってもムリだw,2019/02/16 5:56:38
65,ID:2Bvn0/tH0,>>20  戻ってこれか,2019/02/16 6:51:07
66,ID:e11uA26m0,>>56  グーグル先生は正直,2019/02/16 11:39:27
67,ID:TFL33WPk0,ファプタがイルミューイの子供？で価値の化身、村のナレハテは皆んなヨダレ垂らしながらファプタを見つめてたくらいだし  村の創造＝イルミューイの形状変化？と共に産まれてそうだよね。,2019/02/16 12:01:49
68,ID:g6CTZ3uE0,出産プレイも辞さない度し難い作品、それがメイドインアビス,2019/02/16 12:06:06
69,ID:5gmESYU8a,ファプタこそがイルミューイの産みたかった子供そのものだとして  そうなるようにワズキャンが誘導して行って結果イルミューイは……  結果的に望みだけは叶ってる辺りが度し難い,2019/02/16 12:20:25
70,ID:Xq34FF470,>>62  東方見聞録には「長旅にはヤギのメスが必須」としか書いてない  マルコポーロ先生Disんなや,2019/02/16 12:55:11
71,ID:fVSXDFY0a,ナナチのメスも必須んなぁ,2019/02/16 14:21:48
72,ID:iYXekmyH0,メスナナチナメナメ,2019/02/16 14:26:23
73,ID:kx8mBpN/a,レグはオスイキよりも先にメスイキスイッチ開発されそう,2019/02/16 14:29:51
74,ID:NRm6co4P0,測り棒でメスイキして記憶が飛んだんでしょ,2019/02/16 17:52:37
75,ID:Nkekn3Pz0,中折れリコ棒のインパクトで隠れがちだけど一番ヤバいのは火のついた石炭飲み込ませた事だと思うの,2019/02/16 18:37:02
76,ID:raDsetGM0,記憶を取り戻すと共に測り棒の快感を思い出すレグ,2019/02/16 18:37:33
77,ID:RD8fdAJ4a,石炭がエネルギーになるかもとというスチームパンクな発想やぞ,2019/02/16 18:39:25
78,ID:u7MBVWu+0,更新が遅れる度にレスの度し難さが深くなる  さすがアビスレ,2019/02/16 19:03:59
79,ID:g6CTZ3uE0,そう考えるとリコは完全に狂ってるな,2019/02/16 19:15:42
80,ID:kx8mBpN/a,ライザに既に掘られていたという可能性も否定できない,2019/02/16 19:16:44
81,ID:QManZo6Ba,無尽鎚で…,2019/02/16 19:22:21
82,ID:VZIRxxGvd,レグくらい頑丈ならお尻の中で尽きない火薬暴発させてもメスイキ程度で終わりそう,2019/02/16 19:24:11
83,ID:Sx2S2Ryqd,レグのアナルは実は四次元ポケットになってる,2019/02/16 19:24:13
84,ID:kx8mBpN/a,ライザ「ポチッとな」  レグ「ﾏ゜ｯ？！ｱ”ｱ”ｱ”ｱ”ｱ”ｯ！！」,2019/02/16 19:36:35
85,ID:I450AyA60,レグはライザの性玩具だった…？,2019/02/16 20:19:58
86,ID:bKy56LOS0,ファプタはイルミューイの有精出産  という説に関心   で父親は誰？,2019/02/16 20:31:20
87,ID:2WHEugeF0,私ですよ,2019/02/16 20:31:53
88,ID:f+GPma6X0,（θωθ）んなぁ～？誰だぁ…？,2019/02/16 20:33:17
89,ID:a6mq5Zf6d,いいねオジサンとしか思えない,2019/02/16 20:33:39
90,ID:54aZODhfd,ライザが持ち込んだ男性型ラブドール  それに意思が宿ったものがレグだった…？,2019/02/16 20:38:00
91,ID:XpNmiiBta,>>65  俺は1000円で取れたがやっぱり運が良かったんだな  そのゲーセンは1日につき無料で数回できるからそのおかげっていうのもあるが,2019/02/16 20:57:51
92,ID:/xcoVgs+0,フローチャート  https://pbs.twimg.com/media/DxrV4BvV4AAfYy5.jpg,2019/02/16 21:45:24
93,ID:LnFao2um0,なんじゃこりゃ,2019/02/16 21:47:56
94,ID:Nkekn3Pz0,気の早い話だけどラストダイブ後のアニメ化が待ち遠しい  ドシガタ展開もだけどオオガスミ戦とか動くカジャさんとか悠遠語の発音イメージとかアニメで見たい箇所が多すぎる,2019/02/16 21:50:42
95,ID:0/AsPExE0,イルミューイはレグに人と同じ時を過ごすのか？  といってるのは、イルミューイも不老の存在なのかな,2019/02/16 22:15:27
96,ID:9TBD9zu60,誰?  誰?  誰?,2019/02/16 22:55:57
97,ID:27O9wxh30,レグにちんちんって言ったら座るどころか屹立しそう,2019/02/16 23:04:01
98,ID:BxaZwe2X0,そういえばつくし卿は尻にはあまり性欲を感じて無いのかな  リコとかレグの未熟な乳描写はあるけど  たとえば過剰に衣服が尻の割れ目に食い込んでるとかいうような描写は無い,2019/02/16 23:24:06
99,ID:JItseDb+a,マアアァァ,2019/02/16 23:25:00
100,ID:VD2rz0l60,そう、まぁぁさんの汚ねえ尻(尻毛付き)を  見るに特殊性癖として、尻への憧れを  止められないのだろうと。,2019/02/16 23:30:02
101,ID:VD2rz0l60,しかし、ハニースクの尻舐め従業員さん  を見るに、尻が辛い描写を見るに、  5層エレベーターでの排便プレーを見るに  スカトロが価値の漫画家卿なのだろう,2019/02/16 23:34:31
102,ID:BxaZwe2X0,マアアのチンｋみたいな手は男として相手を犯したい欲求  マアアの汚い男性的な尻は男として相手に犯されたい欲求  とか思い付いた,2019/02/16 23:39:51
103,ID:BxaZwe2X0,ああ・・・オーゼンさんのいわゆる「前から見えるお尻」が微妙に描写されていたことは忘れてはいけないことかと,2019/02/16 23:57:18
104,ID:mDGtADKK0,そう言えば６巻ハローアビス41だっけ  下痢の刺激で「ばっ」っと立ち上がるリコのシーンは  細い小さい体なのに、尻のふくらみとか柔らかそうな体とかエロかわいくて、少女の魅力が満点なシーンではないかと  クソが漏れそうなのを我慢してるのもエロいかも。スカトロと尻への性癖はなにかつながりがあるのかも,2019/02/17 0:24:56
105,ID:ab8UkiZta,この漫画で人気あるのって  一位がナナチで二位がボンドルドで三位がマルルク   リコさんは20位くらいだよね,2019/02/17 1:59:36
106,ID:Hvva6WAtp,お前が思うのならそうなんだろう,2019/02/17 2:23:48
107,ID:abhPp8bU0,ジャンプみたいな人気投票やって欲しいな,2019/02/17 2:33:05
108,ID:M8Peeig60,実際アビスファンの人に会って好きなキャラ聞いてみて  リコが好きです！って言われたらその後会話続かなくない？,2019/02/17 2:36:08
109,ID:3z82OGpI0,10位くらいまで全員ボ卿,2019/02/17 2:41:49
110,ID:abhPp8bU0,>>110  それはボボボーボ・ボーボボだろ,2019/02/17 2:43:07
111,ID:cfozZHhh0,ボ「順当な順位ですね」,2019/02/17 2:49:33
112,ID:2kv0MM3+0,リコさん好きもいるからあんまりキャラsageはやめようね！  ちなみにリコさんは村編の髪切ったあたりとかかっこよすぎてすごい好き,2019/02/17 3:08:35
113,ID:Nmgb481R0,ヒロインsageは争いしか産まんそす 根絶やしにするそす,2019/02/17 3:56:02
114,ID:maXR9BQ1a,前も言ったが秘湯に入るシーンのポニテリコさんが最高に可愛い,2019/02/17 4:24:29
115,ID:qZYpqauD0,ファプタはワズキャンとの娘説を推す、日向の匂いとお日様の匂いが伏線として。  無性は胸から産んでたけど、ファプタは描写からして腹を突き破って出てきてそうだよな。,2019/02/17 5:33:15
116,ID:EiNniwjd0,>>65  タイトーで1500円でとったけど  微妙な設定ミスだったから  取れたけど、気付かなかったら  いくらかかったことやら,2019/02/17 7:24:49
117,ID:43u3lRisa,でかくて胸が破れたと思ってる,2019/02/17 8:50:09
118,ID:JKPAQSXy0,成れ果て形状の  オナホ出したら  一部で売れそうだな,2019/02/17 8:58:12
119,ID:RZsfQ2lw0,カートリッジ型を出して脳姦フェチに売ればいい,2019/02/17 9:25:18
120,ID:C3b01YWp0,5リッターの灯油缶辺りを加工して自作しよう  口に貫通型着けて中にローションとお好みで手のひら大の硬いもの,2019/02/17 9:53:53
121,ID:+GI7l5N6a,レグドール…はっ！,2019/02/17 10:13:59
122,ID:IPVB6Kmw0,更新ないし  こうなったら今日は一人でヤケナナチだ,2019/02/17 12:26:34
123,ID:2vhrAOZX0,ボンドルド「くそっボンドンドに負けた」,2019/02/17 12:38:18
124,ID:mAA36aQ90,リコさんの自分の追い求めるもののために努力を惜しまず、  金も名声も命さえも厭わない姿勢、俺は好きだぞ  なお作中でいわゆるヒロインポジションかって言われるとそれはちょっと,2019/02/17 12:46:55
125,ID:g9FJZntaa,レグはなよなよしてて心がヒロインなんだよな  だからいつもえっちな目に会うんだ,2019/02/17 12:52:21
126,ID:26bbvk920,ファーカレスが鼻毛真拳に見えなくもない,2019/02/17 13:04:23
127,ID:2gX51QNya,俺はンコさん好きよ,2019/02/17 13:26:59
128,ID:b55NzICM0,リコさん美少年だから好きだよ   でも自分もポニテ一推しだからまた伸ばして欲しいわ,2019/02/17 13:34:17
129,ID:TvMWkB9n0,正直最初はリコさん目的でアビス見始めました,2019/02/17 13:41:13
130,ID:M8Peeig60,>>129  伸びる頃にはもう需要がない年齢になってるぞ,2019/02/17 13:42:19
131,ID:Qwg+xQgZ0,>>125  女主人公という意味でのヒロインならヒロインだと思う  逆にいうとヒロイン要素がそれだけというか,2019/02/17 13:48:39
132,ID:gGKu8lrDr,>>125  >>132  何言ってんだおまえら、リコさんの窮地に颯爽と駆けつけて救うレグの対比は明らかにヒロインとヒーローだったろう  えっちなお色気シーンも豊富だし、リコさんは紛うことなきヒロインだぞ   ナナチと二人でダブルヒロインだ,2019/02/17 14:03:25
133,ID:gGKu8lrDr,まぁマジレスするとリコレグが主人公でナナチがヒロイン感ある立ち位置  状況によって入れ替わるし、作者の性癖が度し難いせいで性別で単純に判断できないからややこしい,2019/02/17 14:04:49
134,ID:R4dtJ/p00,>>133  リコさん、覚醒後の５巻６巻ではあんまりお色気シーン無いんだよね  １～４巻まではちゃんと乳首露出シーンがあるけど   ゲロインとしても６巻以降は描写がない  ７巻はハイエース場面で乳首を出していたけど、  リョナ担当の役割も今後減りそう   ８巻は多分えろこさんがお色気と（子供時代の回想で）ロリ＆リョナ担当だろう   これからはリコさんのヒーロー成分が増していって、  お色気（ロリ＆リョナ含む）成分が減っていくのではないだろうか,2019/02/17 14:30:19
135,ID:QON24m2G0,漫画の更新はしばらく先でいいから1万くらいの価格帯でもう少し再現度の高いナナチぬいぐるみ開発してくれませんかね…,2019/02/17 15:23:25
136,ID:M8Peeig60,>>136  これ,2019/02/17 15:25:42
137,ID:gGKu8lrDr,匂い付きでな！,2019/02/17 15:30:23
138,ID:RU6vwZJZd,20日説ある？,2019/02/17 15:41:36
139,ID:1ZczBpJg0,スレでは30日説が有力ですね,2019/02/17 15:42:09
140,ID:C3b01YWp0,ぬいぐるみのクオリティはメーカーさんにお願いするしかないけど匂いは個人で何とかなりそうだ  カバー裏のレグ研究を見るに何か焼き菓子とか焼いてる近くに置いておくのがいいんだろうか？,2019/02/17 15:42:54
141,ID:K4rET4ZrF,今月30日がないから絶望感しかない,2019/02/17 15:47:40
142,ID:JKPAQSXy0,布団干した  お日様の匂いは  実は汗や脂肪の匂い,2019/02/17 15:48:16
143,ID:1ZczBpJg0,焼いた穀物系の香ばしさではないと思う  動物園や畜産施設の香ばしさ  つまり動物性たんぱく質、脂肪……ハムや燻製などを試すべき,2019/02/17 15:48:59
144,ID:nF20w8SG0,え？  20日でしょ？,2019/02/17 16:16:00
145,ID:GRHN7mNl0,前兆なしに更新くることあるそす？,2019/02/17 16:29:10
146,ID:Qwg+xQgZ0,ナナチの匂いの香水発売,2019/02/17 16:35:42
147,ID:BuEUNq2F0,マルルクのスケールフィギュア求,2019/02/17 16:45:58
148,ID:C3b01YWp0,実際匂いに言及が多いからコラボ商品の方向性としてはアリかも  満員電車でどこからかナナチの匂いがしてきたら人生楽しそう,2019/02/17 16:48:48
149,ID:NVIE8nVV0,ナナチシール  乳首を擦ったら匂いがするよ！,2019/02/17 16:50:54
150,ID:ETnNTb22M,まああさんみたいなケツのおっさんの匂いでもナナチの匂いって言われたらみんなハスハスしちゃうとおもう,2019/02/17 17:19:10
151,ID:g9FJZntaa,レグに正体バレたマルルクの匂いが気になる  年頃だしやっぱそういうことなのかなって,2019/02/17 17:41:04
152,ID:aWZE4QN9p,マアアさんてアビス生まれの幼児くらいの成れ果て、もしくは成れ果てから生まれた成れ果て…かな？   言葉喋らない、所持品はぬいぐるみみたいなの、ムーギィさんとこでは見た目カスタードプリンみたいなの食べてた、おかみさんはマアアさんの言葉分からないはずなのにオーダー取ってた、リコが言葉教わってる時にムーギィさんに撫で撫でされてた、とかとか。   よだれは他の成れ果てもだらだらだったね,2019/02/17 17:54:32
153,ID:RZsfQ2lw0,撮影会  https://pbs.twimg.com/media/DzIDVRGUwAA4ECC.jpg,2019/02/17 18:10:30
154,ID:f5meGEKdd,フェレットが臭いらしいからナナチの匂い堪能出来そう,2019/02/17 18:23:58
155,ID:M8Peeig60,それはフェレットの匂いだ,2019/02/17 18:24:52
156,ID:dnrGWQeO0,フェレットなんて名前で騙されてるけど原種はイタチだもんなぁ、アイツら   そりゃ臭うよ,2019/02/17 18:28:55
157,ID:C3b01YWp0,ムーギィさんはあそこで長いらしいし、もう村のほぼ全員顔見たら何食べたいか分かるレベルなのかも,2019/02/17 18:29:58
158,ID:M8Peeig60,イタチとナナチじゃ大違いだよな,2019/02/17 18:30:11
159,ID:vIVLIOdT0,犬や猫にも肛門腺はあるからナナチもそりゃあ,2019/02/17 18:37:20
160,ID:Hvva6WAtp,あれってハクビシン？,2019/02/17 18:37:31
161,ID:alx4Vl1l0,ナナチなのん,2019/02/17 19:48:53
162,ID:lN4e5KpW0,レ具,2019/02/17 19:50:52
163,ID:mAA36aQ90,>>158  「まああ」っていう注文に対し「コンぼぅす！」とか言ってる割にはあとでリコさんに、  まああさんが何言ってるのか尋ねられたときには「知らねよ～」とはなんともつれない,2019/02/17 20:14:29
164,ID:1Ik7ZTuWa,私ですよ,2019/02/17 20:32:41
165,ID:RZsfQ2lw0,キムワイプを食べるナナチ  https://pbs.twimg.com/media/DzDHDK_UwAUcsL8.jpg,2019/02/17 21:20:52
166,ID:qSl0ci26M,(C94) [CHRONOLOG (桜沢いづみ)] あいよりもふかいやみ   度し難い,2019/02/17 21:28:41
167,ID:742kDf1j0,つくし卿はおなかと背中、手足に執着は感じるが尻の描写があるのはまああさんくらいかな,2019/02/17 22:01:38
168,ID:BYiiLFiD0,>>154  まああさん「まああなっしーー！」とか言いながら激しく上下運動できそう,2019/02/17 22:09:31
169,ID:r5tK03yu0,>>168  コミックzinの度し難いイラストカードなら,2019/02/17 22:11:42
170,ID:kFKyojgG0,ゾアホも尻ですよ,2019/02/17 22:13:36
171,ID:yCGW42y+0,そのうち干渉器くんのコスプレする人も出てくるのかな  作るの大変そうだけど,2019/02/17 22:50:15
172,ID:eKDDrIfl0,干渉機コスプレしてヴヴォーゴンキョーって叫びたい,2019/02/17 22:52:52
173,ID:Ipd1a2Zoa,無理な体勢で入るカジャさん速身体,2019/02/17 22:54:34
174,ID:qd9zl7Wla,なんとなく気づいたんですけど  蒸し暑くろくに風呂入ってなくて下痢もしてるリコさんって  今絶対臭いと思うんですよ    ちょっと嗅いできます,2019/02/17 23:10:33
175,ID:BuEUNq2F0,その後彼は物言えぬ便器に変わり死んだ,2019/02/17 23:15:20
176,ID:wdFDlGnm0,>>154  いいね！  ファもす,2019/02/17 23:19:22
177,ID:mAA36aQ90,ナナチはいわずもがなとして、レグはロボットだけど汗もかくし  絶対みんなそれぞれの匂いはするよね,2019/02/17 23:20:47
178,ID:+Q0OdXPh0,じゃあこうしよう！  「メイドインアビス 8巻 数量限定特典  ナナチの匂い完全再現アロマ！」  これで馬鹿売れ間違い無しそす！,2019/02/17 23:36:01
179,ID:mAA36aQ90,つーか3人ともあのハニースクでの料理食べて、腹壊したのはリコだけってことか  ナナチはあのナナチ飯で腹（舌も）が鍛えられてちょっとやそっとでは下さず、  レグはそれこそ「何でもエネルギーに変換する転換炉」みたいな機構により無毒化され、  ふつーの人間たるリコさんだけがあたったのか・・・,2019/02/17 23:37:30
180,ID:C3b01YWp0,ナナチも過去の食生活考えたら一々腹壊すようじゃ生きてないだろうしな,2019/02/17 23:51:21
181,ID:t0eHt+9v0,>>154  まああさんの再現率が一番高いという・・・,2019/02/18 0:11:23
182,ID:Xniqx36ur,>>154  べラフさんが持ってるの入れ歯？でっかいカール？,2019/02/18 0:14:26
183,ID:f38t2cSzp,芋虫やろなぁ,2019/02/18 0:18:50
184,ID:wcf1n9CZr,>>154  ボ卿と店主すき,2019/02/18 1:13:18
185,ID:3pysaB8pd,ナナチが不死の可能性もまだあるで  なんせナナチは一度も死んでないからな,2019/02/18 1:33:55
186,ID:HXTDypB2a,>>186  でも俺らも社会的に死んでるだけで実際は死んだことないから不死かもしれない,2019/02/18 1:56:46
187,ID:v+2nNAMy0,ナナチ撫でながらマルルクにリコ汁あーんしてもらいたい,2019/02/18 2:08:50
188,ID:GpSDwg9ua,>>187  ならばすこし実験してみましょうか  安心してください、不死ならば少々体が崩れるだけですみますので,2019/02/18 5:18:59
189,ID:ZKPgVFBo0,まああさんは、ゆるキャラだったのか,2019/02/18 6:29:37
190,ID:KBSG0wjjd,>>189  魔女狩りかな？,2019/02/18 7:12:41
191,ID:1Anss4X/0,>>190  ただしケツの締まりはゆるくない,2019/02/18 8:18:57
192,ID:bcEIsOqQa,万力のまああって呼ばれてる,2019/02/18 8:29:34
193,ID:8kWFmKBe0,>>188  それマルルク汁のほうが良くない？,2019/02/18 8:45:03
194,ID:1XvCI9fud,>>190  右腕のチ○コでケツを緩くさせるぞ,2019/02/18 9:22:27
195,ID:H9HlqkE5a,ボ卿のカートリッジがもう少し小型化出来れば長期間の深部探索が可能になるのにな、小銃のマガジン交換みたいに使ってさ,2019/02/18 11:22:59
196,ID:Op4ipEB5a,たくさんあればあるほど長持ちするのか？  仮に99個持ってったら、最初の1個は100人分の負荷を受けて即死しない？,2019/02/18 12:39:46
197,ID:Op4ipEB5a,わずかな負荷で90個ぐらい即死しそうな気もする,2019/02/18 12:41:35
198,ID:yTvnYzwu0,カートリッジの消費期限が3日くらいだっけ？  どの道長期間には使えないと思う,2019/02/18 13:15:47
199,ID:YboS9ZVLa,カートリッジにするとすぐ死ぬので  百個もっていっても使い切る前に時間切れでカートリッジ死ぬんじゃねぇの,2019/02/18 13:16:11
200,ID:YboS9ZVLa,だからカートリッジ３日分もって  下の階層に拠点を作り  拠点に子供たちを入れて  そこでまたカートリッジを作って  下の階層へ拠点をつくり  と時間をかけて進むしかねーな,2019/02/18 13:17:35
201,ID:8kWFmKBe0,デポジットってやつね,2019/02/18 13:19:14
202,ID:cR5oSsgFM,>>201  ボ卿以上にボ卿度が高いな、、度し難い,2019/02/18 14:08:13
203,ID:YboS9ZVLa,>>203  でもボ卿も多分同じ方法やるの思うわ  そのために基地作ってたんだし,2019/02/18 14:13:54
204,ID:wq6qkbZU0,彼なら犯罪者使って幼児を現地生産するくらいやってくれるんじゃないか  ぼんどるど☆ようちえん誕生,2019/02/18 15:03:53
205,ID:ezBoy3fq0,ボ卿ならそのうち欲望の揺籃手に入れて  負荷無しで５層６層↓↑できる奈落エレベータ造ってくれそう,2019/02/18 15:17:10
206,ID:6KG++7/Ca,度し難い言うけど、子供ならオースの孤児院産を使えば良いのに、わざわざ遠方の浮浪児を使う(しかも自ら足を運んでスカウトする)し、割りとまともでは？(感覚麻痺,2019/02/18 15:19:06
207,ID:wq6qkbZU0,リコさん隊の速さは例外にしても、当時拒否した孤児が育ってから降りてくるかもしれないし  実験内容がバレるリスク考えた結果なのでは  あとは品質？　寒いちほーとかとこなつちほーでの結果の違いを見たいとか,2019/02/18 15:28:41
208,ID:v+2nNAMy0,現地生産は胎児や赤ちゃんから育てないとだから長年育成するだけの環境整えるとか手間暇考えると高コスト  地元の孤児に関してはもうチャレンジして上から怒られたあとじゃないかな,2019/02/18 15:37:17
209,ID:hDdvZCELM,お死さま,2019/02/18 17:19:11
210,ID:w5cDQVa/0,今更だけどアビス大好きリコさんがボ卿がどんな人間か知らなかったってことは世間一般的には白笛って本当に謎に包まれた存在なんだな,2019/02/18 17:26:53
211,ID:Op4ipEB5a,恥部すぎて隠蔽されてた可能性,2019/02/18 17:45:31
212,ID:UfFdqNbtp,自分にかなりの縁があるオーゼンのことも知らないしなあ  しかしハボさんが「白笛マニア」として子供達に知られているってことは隙あらば白笛語りしてたんだろうし…   リコサン白笛になると言いつつ白笛の人間性には興味無くて聞き流してた説,2019/02/18 18:04:24
213,ID:YboS9ZVLa,白笛って犯罪者か変態か犯罪者の変態の代名詞になってるやんすでに,2019/02/18 18:24:16
214,ID:giINnjzN0,事情が事情だし、ハボさんはオーゼンさんのことはあまり触れなかったろう  実際ハボさんが話した白笛離しは不明な部分な多かった,2019/02/18 18:27:20
215,ID:KWHcPa0z0,じゃあ！リコさん、どうにかして無事に  オースに生還できたら始めての常識人な  白笛になれるのか。でもリコさんも色々  とアレな人になっていくんやろか…,2019/02/18 18:32:56
216,ID:6KG++7/Ca,奈落の秘宝で武装した最初の白笛になるんだぞ,2019/02/18 19:07:54
217,ID:XqwAyBDm0,探窟組合も謎だらけだよな  (国の命令で)ライザに鐘取りに行かせた時も身重のライザと多分反対しそうなオーゼンっていう白笛二人を無理矢理動かしてるし  それとも探窟家は皆オースの公務員で白笛も書類上の立場は弱いけど我が強すぎてルールの行間で好き勝手しまくってるだけなんだろうか  ボ卿がやべー奴ってこと知ってて放置してるんだろうし結構黒い組織なのでは,2019/02/18 19:14:26
218,ID:8kWFmKBe0,オーバードは発見されても表に出ないだけってどっかに書いてなかったっけ？,2019/02/18 19:14:46
219,ID:RO3dbp/J0,2000年問題の探究解決最優先で卿も上からかっつり支援受けて運用してたんじゃね？,2019/02/18 19:46:16
220,ID:f2wjkTf4a,ナナチがジャラジャラ付けてる木の板みたいなのがカートリッジってアニメだけの設定？,2019/02/18 19:47:49
221,ID:Op4ipEB5a,どういう原理で呪いを他人に押し付けてるのか知らないけど、本当に生きた人間を使わなきゃ実現できないのか？って疑問がある  呪いから祝福だけ掬いとっていただくほどまで研究が進んでるのに  本当は呪いの攻略だけなら人間をカートリッジにしなくてもできたりして,2019/02/18 20:02:38
222,ID:PrkzZGfV0,少なくともアビス内の生物は呪いを受けないから適さなそう  地上の人間以外の生物も呪いを受けるならワンチャンありそうだけど言及されてたっけ？  まぁ呪い受けるとしても同種しか押し付け出来ないとかだから人間を使ってるんだろうけどね,2019/02/18 20:11:18
223,ID:MQ7EWdns0,>>222  一応ナナチが覗くまで他の生き物で試してた  人の子で成功しちゃったから…,2019/02/18 20:59:07
224,ID:QTueziVN0,ほんとどういう原理で呪いを受けずに力場を通過してんだろな  頭や心臓が通過するとヤバいけど手足の先ならどうって事ないつてのが関係して( -_・)?のかな,2019/02/18 21:05:43
225,ID:uQfzN0RU0,人間をアビス固有の生物に作り変えるのが呪いとか…？,2019/02/18 21:28:09
226,ID:yTvnYzwu0,5層までは人間ですら一応耐えられる呪いなんだし  原生生物も実は呪い自体は受けてるけど余裕で我慢出来てるだけかもしれない,2019/02/18 21:31:24
227,ID:sC4mZ88G0,海中や空中で人間が魚や鳥と同じ動作したら  おう吐や昏倒しそうだなってのに近いですかね,2019/02/18 21:35:27
228,ID:9TvQ+fPV0,人間だけを殺す力場かよ！,2019/02/18 21:40:19
229,ID:jLwtXwu4d,原生生物も実は元ヒトなんじゃね？とか疑ってる  ハマシラマさんとか目が人間ぽいし,2019/02/18 21:41:24
230,ID:XqwAyBDm0,6層の建物とかは全部別のイルぶるでアビス自体も巨大なイルぶる  力場はなれ果て村入り口のあの膜みたいなもので巨大な分効果が完全な通過不能→上昇負荷に分散している  原生生物の元になったのは全部生き延びようと適応を願った人間で、お祈り骸骨はその抜け殻  …ここまで妄想して矛盾点を潰すのが面倒になった,2019/02/18 21:48:08
231,ID:gYCRw97na,まあ現実にだってものすごい水圧に適応してる生物がいるんだし  アビス深層の負荷に適応した生物がいてもおかしくないのかもしれない,2019/02/18 21:52:49
232,ID:wq6qkbZU0,>>227-228  深海生物と人間ならそんな感じではあるねー   過去編で石持ちのなれはてがエレベーターで無事だったから  なれはてた原生種(元ヒト？)ないし、意識あるなれはてなら上昇負荷受けないのかもしれんね,2019/02/18 21:56:53
233,ID:5wEw2guO0,プルシュカが言ってたけど  5層の呪いはヒトが持ってない感覚は奪えないって  つまり力場を感知する感覚器だけで暮らしてるアビス生物には呪いは効いてないってことよね  6層の人間性の喪失も人間以外には無意味かも！,2019/02/18 21:57:33
234,ID:5bzXfQNg0,リュウサザイとかって多少の起伏で上昇負荷を受けない様に脚と首を長くして進化したと勝手に思ってたけどどうなんだろうな  普通に6層生物でも死の呪いの方は受けると考えてたんだけど,2019/02/18 22:04:49
235,ID:giL2+6yX0,メイニャ「ピイヨ～」,2019/02/18 22:49:51
236,ID:dQY1Ue9P0,成れ果ての白笛は何度も六層往復  してるみたいだし成れ果てていたら  大丈夫なんじゃね？,2019/02/19 2:02:10
237,ID:41CrYTOD0,私を呼んで？のプルシュカが非常に可愛い,2019/02/19 2:39:05
238,ID:zsk03nVh0,>>237  6層は何度も行き来できないから、ラストダイブ言われてるんだよ  行き来出来るのは、カートリッジがあるボ卿だけ,2019/02/19 5:50:12
239,ID:bkIBcrPRa,ﾁｭｲ…ﾌﾟﾁ　ﾋﾟｷﾋﾟｷ…  ふぁぷ,2019/02/19 6:34:04
240,ID:dQY1Ue9P0,>>239  ん？ガンジャを六層に乗せていった  成れ果てた白笛の事なんだけど  二人乗せて上げて戻った後も  原型留めていなかったっけ？,2019/02/19 6:50:15
241,ID:WKCPjNVA0,白笛なれ果てって  生きてるだけで  大丈夫じゃないみたいだし,2019/02/19 7:05:33
242,ID:nfSeVz0Ga,ではナナチを祭壇エレベーターに乗せてみましょう  成れ果てなので大丈夫ですよ、きっと,2019/02/19 7:15:21
243,ID:NXER9Jy20,あしたは,2019/02/19 8:20:36
244,ID://51aA0n0,>>241  それは成れ果てたあとの話だろ  ナナチがナナチハウスで言ってたように、現代（リコたちの時代）では  「探窟家は仲間が成れ果てたら殺して遺品だけ回収していく」んだから  成れ果ては死と同じ扱いなんだよ   だから、いったん成れ果てても帰ってこれるってのは帰ってこれるに入らない,2019/02/19 8:29:01
245,ID:hdEe3JtM0,神秘卿と先導卿は6層行ったり来たりしてそうだけど…先導卿にいたっては自前の遺物で潜ってるし,2019/02/19 8:29:44
246,ID:5+m+PXz7a,先導卿の遺物は酸素ボンベなのか,2019/02/19 8:55:47
247,ID:HW43bm7va,ボ卿が私と違って彼等には帰る方法が無いのです的なこと言ってたし、  化物揃いの白笛の中でも呪いのコントロールはボ卿だけの技術なんじゃないか,2019/02/19 9:25:26
248,ID:k+2Gu4R9d,ナナチは成れ果てでも人間性を残しているので6層の呪いはくらうと思う,2019/02/19 10:14:34
249,ID:y2La17W10,あしたこうしんあるの？,2019/02/19 11:34:19
250,ID:ZNUX0gWj0,ないようなきがしないよう,2019/02/19 11:38:51
251,ID:cSP8CzU80,ほら…ほら…  _(◎つ´&#3904;`)つ５１話,2019/02/19 11:40:00
252,ID:FFNBmhqS0,>>245  絶界行きは片道切符で戻れないのに、ナナチの発言を加味すると  5層までにも肉塊が発生するみたいな感じだな  肉塊化は6層に限ったわけでなく呪いと祝福の蓄積量次第でなってしまうとか,2019/02/19 11:53:43
253,ID:0x5gPCiu0,>>253  ナナチのどの発言のことを言ってるの？  そういう意味の発言はちょっと心当たりがないんだけど,2019/02/19 11:56:09
254,ID:RmsbDMy7d,もう原稿終わってんじゃない,2019/02/19 12:15:31
255,ID:WKCPjNVA0,なに？,2019/02/19 12:24:29
256,ID:Os9MqyPvM,>>245  ガンジャの前にエレベーターにいたモフモフは尋常じゃないくらいしっかりと白笛を抱えてたんだろうなあ   しかし、あれは何回上昇してもあのままだったのか？  それともガンジャ隊のご飯になってしまったのか……。,2019/02/19 12:36:46
257,ID:nOuJJQyJd,さあ次の2月30日へ踏み入る準備は整いました。共に奈落を見届けましょう。,2019/02/19 12:37:16
258,ID://51aA0n0,奈落に行けば2月30日がある？,2019/02/19 12:40:22
259,ID:B8TPnbsu0,>>245  じゃあナナチはもう成れ果ててるから  呪いとは関係ないんじゃね  なんどでも上昇OK,2019/02/19 12:47:52
260,ID:NnmHFz+wa,8月32日やめろ,2019/02/19 12:48:53
261,ID:sYNUpWNza,時の流れが狂ってるからな,2019/02/19 12:49:54
262,ID:NnmHFz+wa,レグがぬるぬる化した辺りでナナチが上昇負荷気にしてる場面があったような,2019/02/19 12:50:48
263,ID:X0K1eTmS0,>>245>>253  自分もナナチのあの発言はずっと気になってた  6層から上がれるほどの運動能力なさそうだし、ナナチは5層～4層しかいなかったのになんで知ってるのかなーと  今思ったんだが単に本で読んだとか白笛の口伝としてボ卿から聞いたとかってだけの話だったのかな,2019/02/19 12:59:53
264,ID:5Lu4n8Ie0,>>254  6層より下で成れ果てても遺品の回収なんてできないから5層より上で成れ果てにならないとナナチの「成れ果てたら殺して遺品を回収する」なんて発言は出ないよねって意味だぞ,2019/02/19 13:00:49
265,ID:0x5gPCiu0,>>265  普通に「本でそういう話を読んだ」で説明つかない？,2019/02/19 13:02:39
266,ID:rg+sB6LKa,エレベーターで帰ろうとして成れ果てた状況が一番あり得るんじゃない？,2019/02/19 13:09:17
267,ID://51aA0n0,>>265  > 6層より下で成れ果てても遺品の回収なんてできないから5層より上で成れ果てにならないと  > ナナチの「成れ果てたら殺して遺品を回収する」なんて発言は出ないよね  仲間が成れ果てたら遺品を回収してさらに下に進めばいいんじゃね？  あとは電報船とかで訃報と遺品を上に送ればいい。その後？知らん。   そんなんできる気は全くしないが、ただそれだとそもそも「7層の上昇負荷は確実な死」という定説だって  誰が確かめたんだよということになってしまうわけであって・・・過去の白笛の声？,2019/02/19 13:18:14
268,ID:aJWdTr9fM,成れ果ては探窟家に見つかると殺されて遺品回収されますよ  だから君に他に行く所なんてないから研究手伝いましょうねナナチ,2019/02/19 13:41:24
269,ID:IffnAGWsd,5層で水にドボンしちゃって引き上げたら成れ果ててた殺すかーの状況ならまあまあありそう,2019/02/19 13:54:51
270,ID:bRMeW/PZ0,にわかだけど質問いい？  ナナチがエレベーターみたいなもので第6層くらいまで降ろされて引き上げられてたやん  あの技術あるなら、わざわざ探索家は危険な道通らずに済むんじゃ…,2019/02/19 14:20:31
271,ID:FFNBmhqS0,勃起不全卿の箱庭は袋小路の行き止まりらしいから降りても意味ないと思うよ,2019/02/19 14:27:00
272,ID:FFNBmhqS0,勘違いしてた、あれを全層に設置的な意味合いだろうか,2019/02/19 14:28:02
273,ID:nfSeVz0Ga,原生生物に壊されそう  黎明の箱庭は何もいなかったから無事なだけで,2019/02/19 14:36:10
274,ID:8z5L63b5M,子供達を5層に連れていけるルートがあるし随所にエレベーターが隠してありそう,2019/02/19 14:46:19
275,ID:keVNuG6c0,更新きて欲しすぎて更新きた夢見た,2019/02/19 14:58:22
276,ID:AcPIWcFUa,メイドインアビス を知った時からまだ更新というものを経験してない…,2019/02/19 16:37:49
277,ID:8tBFEWtL0,ボ卿にコウシンガタリの駆除依頼出さないと,2019/02/19 16:59:27
278,ID:OOYgp8NXM,総集編追加公開の映画館爆死してないか‥新作大丈夫なのか‥,2019/02/19 17:46:38
279,ID:SLUezTpcr,更新明日きてんじゃんやったー！,2019/02/19 17:52:30
280,ID:jXKHF33z0,>>278  根絶やしにするそす,2019/02/19 17:52:45
281,ID:q3J3pnWJM,明日は更新来るのか?,2019/02/19 17:58:34
282,ID:1xUHlvUX0,いえ　ぷ…,2019/02/19 18:04:36
283,ID:ECZxTLGXd,シュレディンガーの更新,2019/02/19 18:16:05
284,ID:dN7pQwkfF,「探窟家は成れ果てと見るや始末して遺品を回収していくんだ」  ナナチの言う探窟家ってボンドルド隊の事じゃないの？,2019/02/19 18:38:51
285,ID:2Has/tupd,凄い初歩的な質問だったらごめん  仮に更新があったら、日付変わった時点で表示してくれるの？,2019/02/19 18:42:32
286,ID:SUNMNmSX0,昔はね,2019/02/19 18:43:00
287,ID:DHpz7vF50,>>285  なんでボンボンピットブル卿に限定する必要があるんですか？,2019/02/19 19:01:47
288,ID:ZNUX0gWj0,>>286  朝に竹の人が出社してから,2019/02/19 19:03:01
289,ID:QTYpNnm6d,んなゃん！,2019/02/19 19:15:14
290,ID:QJnwXUwC0,いよいよ明日更新か  胸が熱くなるな,2019/02/19 19:57:52
291,ID:ck81FkT50,0時更新しないのは、やる気ないかエンジニアが雑魚いかのどちらか,2019/02/19 19:58:15
292,ID:U6Vg8M7sp,次の更新でイルミューイ人間性失うかな,2019/02/19 19:58:59
293,ID:hRhYfXPo0,いつの間にかイルミューイ＝イルぶる説が定着してる感あるけど裏切ってくれたら嬉しい  説通りでも説そのものが超ドシガタ展開だからそれはそれで嬉しい  つまり何が来ても幸せ,2019/02/19 20:21:29
294,ID:onrrdW2qd,明日更新来た？,2019/02/19 20:35:14
295,ID:DHpz7vF50,ない！,2019/02/19 20:38:58
296,ID:cSP8CzU80,６層まで潜れば光の速さで更新が届くぞ,2019/02/19 20:39:31
297,ID:FFNBmhqS0,時間の流れが違うから6層なら1週間毎に更新されるまでありえる,2019/02/19 20:42:33
298,ID:ck81FkT50,>>295  2月20日の未来から来たものだけど  明日更新あるよ,2019/02/19 20:51:23
299,ID:ck81FkT50,つくし卿は深層で執筆してるから、地上で更新されるまでに時間かかる説…,2019/02/19 20:53:07
300,ID:Os9MqyPvM,>>300  原稿を6層から5層に搬出すると、人の道を外れる……。,2019/02/19 21:17:38
301,ID:/e3On1uYa,ボ隊なら始末せずに喜んでサンプルとして持ってくぞ,2019/02/19 21:23:34
302,ID:Lj3VH2k40,んなぁ！明日更新じゃん！,2019/02/19 21:25:00
303,ID:Sz3ZF3AJa,>>275  手動でどうのこうのってのはエレベーターじゃなかったっけ？,2019/02/19 21:46:58
304,ID:C0dAEV7dd,あは更新どこ！！  あははどこ！  うふううっ！,2019/02/19 21:48:57
305,ID:ck81FkT50,超級異物:「アビスの原稿」,2019/02/19 21:58:19
306,ID:ZNUX0gWj0,あと11時間ですよ  慌てないで,2019/02/19 22:04:54
307,ID:y2La17W10,ハイハイ、コウシンハイコンス,2019/02/19 22:05:23
308,ID:cGUzJpmT0,くるかなー？,2019/02/19 22:09:12
309,ID:ck81FkT50,前回は年末の12月20日更新だったね…  あれから明日で2ヶ月…どれだけこの日を待ちわびたことか…,2019/02/19 22:23:54
310,ID:xhTPMQvl0,おや、私の記憶が間違っているのかな？,2019/02/19 22:25:51
311,ID:ZNUX0gWj0,前回は12/30だよ,2019/02/19 22:29:43
312,ID:DHpz7vF50,そう言えば更新履歴のグラフって更新されてないんじゃない？  なんだかよくわからなくなってきた,2019/02/19 22:36:05
313,ID:WZp5M4n30,ボ「ナナチ、6層の水型生物をも濾過してしまう遺物ロッ過くんですよ」  ナ「・・・」  ボ「また研究も手伝わずお絵かきですか、ナナチはかわいいですね。ところでこちらが濾過した私のおしっこになります。さあ飲んでください」  ナ「このゲス外道がっ！」   ボンドルドさんは不器用,2019/02/19 23:20:21
314,ID:zcccomew0,明日の更新が無かったら次の可能性は2/28なのかな？それとも3/10になっちゃう？,2019/02/19 23:30:49
315,ID:6WgRw0jE0,2月30日だよ,2019/02/19 23:33:11
316,ID:ck81FkT50,何年までは２月30日になるかな？,2019/02/19 23:34:49
317,ID:rYSP1i2t0,底が見たくなっちまったんだよ,2019/02/19 23:41:02
318,ID:Lj3VH2k40,んなぁ！今日更新じゃん！,2019/02/19 23:41:13
319,ID:Romre1Bp0,更新まあああああ,2019/02/19 23:55:53
320,ID:DHpz7vF50,更新に期待しすぎると成れ果てるそす。人間の抗いがたき哀れな性（さが）そす。,2019/02/19 23:57:26
321,ID:/e3On1uYa,三層幻覚が襲ってくる日が来たな,2019/02/19 23:58:03
322,ID:q85hsYJC0,祭りか！？,2019/02/20 0:05:22
323,ID:0xutWVNY0,いえ…　ぷ…,2019/02/20 0:06:22
324,ID:P6MN03LHp,ぷぇ！？,2019/02/20 0:10:07
325,ID:X1nivnW50,ナナチ「んなあ、オイラをさっさと助けるそす。いいかげん読者にオイラ忘れられそうそす」,2019/02/20 0:18:27
326,ID:NaIFG42w0,精算が始まる,2019/02/20 0:22:47
327,ID:LzRmtTcp0,精算が精通に見えた  俺はもうダメみたいだ,2019/02/20 0:23:26
328,ID:LThEIt9Ua,凸<ふぁぷっ!,2019/02/20 0:29:38
329,ID:KwBDOGNN0,おいらの・・・たからもの・・・・・,2019/02/20 1:05:29
330,ID:1AvIjYKZ0,更新をチェックするのが価値だよ,2019/02/20 1:31:02
331,ID:LzRmtTcp0,更新はありましたか…？（小声）,2019/02/20 1:59:23
332,ID:gwRg0aKJ0,まあああああ,2019/02/20 3:11:01
333,ID:NL/EmjLK0,更新者は来た  安心しろ,2019/02/20 3:18:16
334,ID:L9TwSmbEa,更新者なんていない……嘘つくなよ  もういいんだ…,2019/02/20 4:45:03
335,ID:wIIs9Eq8M,やべぇ。。。今月３０日ねぇぞ！,2019/02/20 5:03:16
336,ID:Zyc4BYxDa,更新延期1日目→軽い目眩と吐き気  更新延期2日目→重い吐き気、頭痛、末端の痺れ  更新延期3日目→上記に加え、平衡感覚に異常、幻覚や幻聴  更新延期4日目→全身に激痛、穴という穴から流血  更新延期5日目→全感覚の喪失、それに伴う意識混濁、自傷行為  更新延期6日目→人間性の喪失、もしくは死に至る  更新延期7日目→確実な死  連載中止→？？？,2019/02/20 5:32:45
337,ID:QWybJIaga,連載中止なんてなったら竹書房を爆破するリアルポプテピピックが現れそう,2019/02/20 6:00:46
338,ID:l1uwLGlk0,つくし卿のツイッターが静かすぎるから更新なさそう,2019/02/20 6:30:32
339,ID:aH/q8jL50,>>154  全員アビスの呪いうけてんじゃねえか・・・,2019/02/20 6:39:17
340,ID:XP1y4rk20,奈落の底で待つ,2019/02/20 6:40:58
341,ID:n5SdjJb90,奈落の底で待ってたら時間の進みが遅いんだから非効率では,2019/02/20 6:46:06
342,ID:X1nivnW50,>>336  過去の履歴見ると普通に2月28日に更新してるから,2019/02/20 6:53:36
343,ID:0d0Czkm/0,更新ま”あ”あ”あ”あ”あ”あ”あ”あ”あ”！”？”,2019/02/20 7:26:18
344,ID:C1PRV3en0,今日は更新日なんだ・・・今日は更新日なんだ・・・,2019/02/20 7:27:16
345,ID:Vv/KZQfr0,ちくわ出勤まで待て  ちくわが起きて来るまで待て  平日だから昼前には起きて来るはず,2019/02/20 7:36:26
346,ID:LzRmtTcp0,&#129300;,2019/02/20 7:54:21
347,ID:KuLVpRDWd,>>342  待つ側は効率的だぞ  一週間待てば地上で数倍の時が流れる,2019/02/20 8:40:39
348,ID:UELDgskUd,今日は更新日だ  誰が何を言おうと更新日なんだ,2019/02/20 8:45:08
349,ID:uxUFjd7BM,トコシエコウの花に化けて待ってるわ,2019/02/20 8:46:58
350,ID:2eLjE6xZp,コウシンガタリが出没する時期になりました,2019/02/20 8:51:46
351,ID:NuFLAdl20,あれ？来ないな  今日に違いないと思ったんだけどな,2019/02/20 9:07:39
352,ID:1mIYC0Ww0,今日更新がくると思っているとはマルルクは可愛いですね,2019/02/20 9:24:15
353,ID:fTgfbakh0,いや…来るだろ…来るよな…？,2019/02/20 9:28:37
354,ID:tZlW8fxed,更新卿,2019/02/20 9:38:54
355,ID:EcRtZYppp,スレ進んで無いと思ったら更新来てるやん  ちゃんと語ろうよ,2019/02/20 9:42:30
356,ID:+s3iTtird,#50来てるじゃん！,2019/02/20 9:46:10
357,ID:EI9AROMha,ダンジョンは更新来たのにこっちはまだ・・・あっ,2019/02/20 9:51:44
358,ID:j7poyKPf0,10時更新ある？,2019/02/20 9:56:53
359,ID:rA9Dz+yb0,更新があるなどといい気になっていた貴方達の顔はお笑いでしたね,2019/02/20 10:03:14
360,ID:u3S+sXq8d,みんな知ってるか、時間とは人間の概念上の産物でしかないんだよ。,2019/02/20 10:10:42
361,ID:t7tK0EWP0,12時！12時までにはくるよね？！コウシン！,2019/02/20 10:20:21
362,ID:ZxNzAQxA0,共に更新を見届けましょう,2019/02/20 10:34:06
363,ID:uKKglPQE0,2000年に一度「超うるう年」が来てその年だけは2月30日があるって,2019/02/20 10:43:09
364,ID:t7tK0EWP0,それはすばらしいですね,2019/02/20 11:04:38
365,ID:kt1ENpE9M,マジで更新ないの？,2019/02/20 11:06:53
366,ID:t7tK0EWP0,次の2000年に期待しましょう,2019/02/20 11:09:52
367,ID:y+MdO8+Kr,更新を前にしたワクワク感は探掘家の憧れに似てると思うの。,2019/02/20 11:18:16
368,ID:t7tK0EWP0,もし更新が  あったのなら  何かが変わるのかな  ふと狂う  僕らの背を  期待がまた押している,2019/02/20 11:22:59
369,ID:UELDgskUd,まままままだあわてるような時間じゃないそす,2019/02/20 11:24:34
370,ID:uegty+ASa,更新…,2019/02/20 11:36:39
371,ID:t7tK0EWP0,き,2019/02/20 11:38:59
372,ID:FgOrfyaGd,まあああああああああああああ,2019/02/20 11:48:50
373,ID:/D/HZL2fd,更新来た  の声で獲物をおびき寄せる習性か,2019/02/20 12:00:11
374,ID:fx+a5kNda,今日はコウシンガタリが煩いな,2019/02/20 12:03:09
375,ID:j8MMlNJzH,もとより30日が本命よ,2019/02/20 12:03:29
376,ID:fAdYEWVOM,2月30日…,2019/02/20 12:07:09
377,ID:Vv/KZQfr0,>>364  100の倍数の年は閏年から外れるんだぞ,2019/02/20 12:13:57
378,ID:JMIlW8RL0,code 006　ってでて見れないよ、、、,2019/02/20 12:14:15
379,ID:pZP6Mwdg0,更新不定期はやっぱヤバイわ。  不定期に当たるギャンブルと似た匂いを感じる。だからこんな禁断症状みたいなんでるんだよ。気づいた時にはもう手遅れなんだ…,2019/02/20 12:14:38
380,ID:4dkf43Dcd,2/30 カレンダーに無いからない  3/10 確定申告で忙しいからない  3/20 ホワイトデーで忙しいからない  3/30 消費税の納税で忙しいからない  4/10 年度替りの挨拶で忙しいからない   4/20とみた,2019/02/20 12:21:28
381,ID:t7tK0EWP0,は、はぁあ&#10548;&#65038;…(怒),2019/02/20 12:23:37
382,ID:qWnF62pe0,新元号になるまでまたなきゃいけないのか…,2019/02/20 12:24:28
383,ID:hLRcba4PM,言い伝えによると羅針盤のパパ棒が垂直に起立するとき更新される,2019/02/20 12:25:08
384,ID:t7tK0EWP0,過去に午後に更新されたことある？,2019/02/20 12:30:15
385,ID:WVawTi8KM,今月の30日が楽しみだな…,2019/02/20 12:30:28
386,ID:NuFLAdl20,>>385  あるよ,2019/02/20 12:37:58
387,ID:2IQqAprop,おおおおおおお！！！今日更新日じゃん！！！！！,2019/02/20 12:43:59
388,ID:Y3pnyCV7d,ないよう…ないよう…,2019/02/20 12:54:58
389,ID:eCNY9RTqd,ボンドルドが鬼畜だったらミーティをナナチが見てる前で殺しそう,2019/02/20 12:59:08
390,ID:rA9Dz+yb0,とうの昔に4月まで何もできないなぁとか呟いておられるしな  プライベートの事なのか原稿の事なのかは知らんけど,2019/02/20 13:28:45
391,ID:M9SJPY0/0,あるとすれば１８時くらいかな？,2019/02/20 13:37:11
392,ID:MOmPTCdNM,>>378  400の倍数の年は閏年から外れなくなるんだぞ,2019/02/20 13:47:01
393,ID:h9sw4Kpaa,俺、更新が来たらマルルクと結婚するんだ…,2019/02/20 14:12:43
394,ID:tOTFovPRd,>>390  ボ卿が「社畜」に見えた…  …疲れているのよモルダー,2019/02/20 14:17:03
395,ID:xyl6df45M,更新あああああはあ,2019/02/20 14:36:35
396,ID:VyDGUHdT0,更新って夜来る事もある？,2019/02/20 14:56:45
397,ID:GlV79oZJa,まぁぁ…,2019/02/20 15:00:18
398,ID:nZ+UQxNK0,俺は更新を諦めない  憧れは誰にも止められねえんだ,2019/02/20 15:04:58
399,ID:UsALUDayr,おもしろい  おもしろかった  なに？  なに？,2019/02/20 15:06:33
400,ID:NfHmopA10,更新…  ttps://goo.gl/LdpZGQ.info,2019/02/20 15:25:44
401,ID:C1PRV3en0,あたしたちを・・・騙してたの！？,2019/02/20 15:28:46
402,ID:TaSAUjFx0,更新が見たい 見たい  光を使おう 使おう  見えない 見えない,2019/02/20 15:40:57
403,ID:EcRtZYppp,こちらのエレベーターに乗れば更新が見れますよ  2人1組で乗ってくださいね,2019/02/20 16:11:28
404,ID:cS1lrxa/d,ヒマだなおまいら,2019/02/20 16:26:11
405,ID:n3762GSv0,イルぶる編終わるかと思ったらドコカだったか！！酔い潰されてメイド服着せられるリーダーと気まずそうにしてるマルルク地臥せり可愛かったな........あのチャラ男が捨てた女がまさかラフィーさんだったとは......,2019/02/20 16:29:17
406,ID:r7BhAKm00,つくし卿VRの方もやってるみたいだし忙しいんやろなぁ……,2019/02/20 16:32:15
407,ID:QkUHU7U6p,50話は年末だったっけ  2ヶ月なんてまだ慌てる時間じゃないさ…,2019/02/20 16:33:04
408,ID:cS1lrxa/d,ネット漫画に対しては甘々だな  週刊、月刊ペース守ってる漫画家もいるのに   ま、半年以上音沙汰無しなんてのも珍しくないからよぅ…,2019/02/20 16:38:08
409,ID:fx+a5kNda,>>409  タダ読みだから文句言えないし、期間開いた分濃縮された回ぶちこんでくるかと思うと堪らねえ！,2019/02/20 17:00:03
410,ID:VrvBsdpOa,>>335  キリイ「…」,2019/02/20 17:03:38
411,ID:MM37oJz5d,2ヶ月休むなら、休載のお知らせだそうよ,2019/02/20 17:08:58
412,ID:PrYj//Ia0,いつも朝9時だよね,2019/02/20 17:20:45
413,ID:5JUxedLzd,次回は動けないヴエコにかわって赤子を弔いにいったワズキャンが墓場で腹部に無害な水を蓄えた鶏を発見して水炊きをみんなに振る舞ったこととファプタとの約束がみずもどきの殲滅であることが判明する神回ですねわかります,2019/02/20 17:21:46
414,ID:5JUxedLzd,異形と化したとはいえ仲間の子供を食べるなんてことできるわけないよなあ  な？,2019/02/20 17:24:58
415,ID:4FIu5UX10,まあああああああ   マアアアアアアア,2019/02/20 17:25:49
416,ID:2LcOe69g0,最近放送無いし何かあったのかね,2019/02/20 17:31:46
417,ID:iVNxZkPL0,今回のは特にヤバイね！  ヤバい！  そういや更新こないね…,2019/02/20 17:37:41
418,ID:NaIFG42w0,>>415  そうだな、優しい奴なら調理後に元素材がわからないようにミキサーにかけるよな,2019/02/20 17:40:08
419,ID:tOTFovPRd,>>417  放送とか無いってのは、つくし卿が仕上げ  作業に追われてるんでないか？  なので、月末は期待できるんじゃないか,2019/02/20 17:59:44
420,ID:t7tK0EWP0,2月30日に期待,2019/02/20 18:09:25
421,ID:X8RUhc3da,ウミガメのスープってやつだ,2019/02/20 18:09:45
422,ID:9XEhAkzJx,HUNTER × HUNTERとは比較出来ないほどつまらないのにHUNTER × HUNTERよりも遅いという矛盾！！,2019/02/20 18:17:22
423,ID:t7tK0EWP0,冨樫仕事しろ,2019/02/20 18:18:22
424,ID:rA9Dz+yb0,やっすい煽りでどうにかなるアビス民ではない,2019/02/20 18:19:03
425,ID:+VKwVZYL0,たまに見かけるアンチっぽい書き込み  毎回思うけど無理してる感というか棒読み感というか妙に白々しいのは何なんだ,2019/02/20 18:31:41
426,ID:lKBaqIj10,「悪態もユニークでかわいいですね ナナチ」って言っておけばどんな煽りにも対応できるって黎明郷が言ってた  そういや定型文があるスレは荒らしに強いってのもどっかで見たな,2019/02/20 18:34:22
427,ID:X1nivnW50,更新は自分を裏切らない  自分も更新を裏切ってはならない,2019/02/20 18:35:43
428,ID:X1nivnW50,普通に間違えた   時間は更新を裏切らない  更新も時間を裏切ってはならない,2019/02/20 18:47:10
429,ID:fReKOG7Ka,やっぱすげえぜ……ボ卿！,2019/02/20 18:47:24
430,ID:0xutWVNY0,逆に…何を出せば…更新してもらえるんですか…？,2019/02/20 18:52:19
431,ID:pZP6Mwdg0,赤子の弔いは皆が生きてる事が弔いになるんでない。  卵を使わせる時は末の妹とか言っといて次は肉の量産機、遂には村の礎に。ワズキャンさん歪みねぇな  けど、ヴエコがそこまで娘を失って嘆いてるようには見えないからイルミューイとはどうやってか繋がってるのかもね,2019/02/20 18:58:51
432,ID:uAxL42xp0,ファプタは不死で6層の呪いも受けなそうなのは  ナナチより強い祝福を受けてるということか,2019/02/20 19:01:21
433,ID:0lYbbpPL0,アンチコメは全部出番が無くて暇なナナチがベラフの家のパソコンで打ってるよ,2019/02/20 19:01:48
434,ID:LWsnSBhdd,>>420  しんどい時程擬音放送してるからな,2019/02/20 19:04:27
435,ID:LzRmtTcp0,ベラフとピラフって似てるよね？,2019/02/20 19:06:11
436,ID:DzRDenwtd,やはり、2月30日に更新……？,2019/02/20 19:09:29
437,ID:QFkQaLNQd,年末年始の怒濤の更新はよかったなぁ(遠い目,2019/02/20 19:23:20
438,ID:aDd6GcyA0,いいね  待ち慣れてきてる！,2019/02/20 19:23:23
439,ID:Xw5wJSDTr,喫赤子チャーハン,2019/02/20 19:23:33
440,ID:QFLFBBfi0,次回はマルルク出てきますか？,2019/02/20 19:24:24
441,ID:4dkf43Dcd,今月の更新について  ナナチからのありがたい言葉を貼っとくぞ  https://i.imgur.com/RP5RDZR.jpg,2019/02/20 19:32:22
442,ID:TaSAUjFx0,>>436  ピラフの元となったトルコ料理、ピラウでございます,2019/02/20 19:32:41
443,ID:HRYxB8PI0,そういや井澤さん結婚するけど、アビス民で寝込む人はいないのかね,2019/02/20 19:33:34
444,ID:t7tK0EWP0,>>442  しばらく登場してないくせに…  いう事だけは一丁前だなあナナチ,2019/02/20 19:33:44
445,ID:tOTFovPRd,>>444  中の人もケモ耳フワフワで、香ばしい匂いが  すんで有名なら、まだしも当のご本人は32  だから祝福のみっす！呪いは無しで。,2019/02/20 19:37:26
446,ID:EcRtZYppp,旦那は「ナナチの声とかヘボットの声でヤってよ」って言えるのか……&#129488;,2019/02/20 19:40:24
447,ID:n5SdjJb90,ぶっちゃけナナチの声いまいちだしなんとも思わんな,2019/02/20 19:51:22
448,ID:0d0Czkm/0,（θωθ）…んなぁ…,2019/02/20 19:52:47
449,ID:uxUFjd7BM,>>433  よく考えたら、普通の人間だとジャンプして観賞器の肩に飛び乗るだけで呪いぐぱぁぁぁぁぁなのよね。  ファプタつええええ。,2019/02/20 19:55:10
450,ID:v/z9tl8U0,更新待つのが辛すぎて2年くらいメイドインアビスのこと忘れることにしたわ……  ハンターもそれでいつの間にか何冊が出てて精神的負担が減ったし……  みんな達者でな……,2019/02/20 19:55:13
451,ID:uKukEjFra,ナナチってヘボットと同じ声優だったのか（今更）   つまりアビスもネジループの周回の中,2019/02/20 19:59:54
452,ID:uxUFjd7BM,>>451  森本太郎とスーパースターの「ボ卿の旅」でも聴いて落ち着くんだ,2019/02/20 20:05:10
453,ID:uKKglPQE0,そうヘボよ,2019/02/20 20:05:24
454,ID:C1PRV3en0,ナナチ「タモっ」,2019/02/20 20:17:04
455,ID:O85DiT1Va,今更だけどプルシュカ石のモチーフって小陰唇、クリトリス、子宮？,2019/02/20 20:46:04
456,ID:3aYFJphq0,子宮,2019/02/20 20:53:39
457,ID:DzRDenwtd,12歳の女の子を元に、子宮のデザインとか度し難い……,2019/02/20 21:10:25
458,ID:EQVjiqg3p,思いが形になるなら  オーゼンさんは牛  ボさんはお祈り骸骨  ライザはトコシエコウ  なんかこいつらにしては度し難さが足りねぇな,2019/02/20 21:13:28
459,ID:n5SdjJb90,アビスといいこいつらなんでも子宮に見えてんな,2019/02/20 21:14:21
460,ID:mALmmsEa0,更新がない( ノД`),2019/02/20 21:15:34
461,ID:QkAv9vJ0p,実物大なんですかね,2019/02/20 21:19:23
462,ID:dmPzAJJr0,ナナチの中の人の結婚云々はソース元の無いガセって聞いたぞい,2019/02/20 21:29:31
463,ID:mALmmsEa0,>>154  まああさんのケツはどうなってるんだろう,2019/02/20 21:31:20
464,ID:LzRmtTcp0,確かにこりゃガセ情報だな  ソースも何もない,2019/02/20 21:49:17
465,ID:OHhR3Vr/0,こういうのって声優事務所公表とかしないと声ヲタさんからクレーム入りそうだしオフィシャルが無言ならガセだろうな,2019/02/20 22:10:04
466,ID:n5SdjJb90,でも今日が更新日なのはガセじゃないよ,2019/02/20 22:14:06
467,ID:2QBsrWGM0,幻の2月30日,2019/02/20 22:22:13
468,ID:2LcOe69g0,逆に可哀想,2019/02/20 22:23:57
469,ID:dN5E1qXS0,もうだめぽ,2019/02/20 23:19:14
470,ID:0xutWVNY0,まああああ,2019/02/20 23:31:14
471,ID:eTaw+bx00,3月10日までは絶対に更新されませんw   うわあああああああああ,2019/02/20 23:31:49
472,ID:usjFFKLb0,彼ら見てくださいナナチ  更新日を迎えるのもこれで5回目ですが形が少しいびつになる程度で済んでいます,2019/02/20 23:55:59
473,ID:QFLFBBfi0,まだ終わっていない！,2019/02/20 23:57:01
474,ID:Mjlk4RCdx,鑑賞機の1人はマンコ型してる,2019/02/21 0:00:21
475,ID:RW5Hty8+0,「スレ一帯の急所に燃焼剤を敷いた」ﾏ゛ｼｭ　ｼﾞｭﾌﾞｫﾌﾞｫ  「ペイジン、もう間に合わないな」,2019/02/21 0:02:46
476,ID:tb0SIazn0,まだ地球全体が21日になっているわけではない！,2019/02/21 1:05:19
477,ID:d2KMK2Taa,>>475  ギザギザしてて食い千切られそうなんだが,2019/02/21 1:05:31
478,ID:j1dXBKSQ0,2月末もないし次の更新は3月20日だよ,2019/02/21 2:07:49
479,ID:YgK4Lo8p0,平成が終わるまでには更新されますよ,2019/02/21 4:55:04
480,ID:vtxHKfap0,誰！？　　誰！？,2019/02/21 5:11:33
481,ID:ng7bs538M,>>459  実はライザの白笛のモチーフはクオンガタリの方だったりして。  他国への「お礼参り」でクオンガタリを使ったバイオテロをやったのかも。,2019/02/21 7:17:08
482,ID:3P6X78pxd,>>444  ガセネタを広めるのはやめた方がいいぞ  とりあえずNGぶちこんどく  https://i.imgur.com/tcCWX8B.jpg,2019/02/21 7:50:32
483,ID:uui0LQIG0,>>482  クオンガタリは葉に擬態するんであって花は関係ないぞ  そもそもライザが笛を手に入れた時点で4層にクオンはいない  ちゃんと読もうな,2019/02/21 8:19:00
484,ID:rZgAenAa0,>>483  これはまた懐かしい顔文字を…,2019/02/21 8:27:40
485,ID:RhK10gh2r,流石だな。,2019/02/21 10:22:06
486,ID:OaxKtKIQ0,結婚する時が来ても誰にも祝って欲しくないのか,2019/02/21 11:19:39
487,ID:OaxKtKIQ0,強がりだった,2019/02/21 11:20:28
488,ID:PIl0MRZf0,白笛そのものになったのはどんな人達だったんだろうなぁ。そこにもまた壮大な物語がありそうだ  ライザは見た目や中身から信奉者や仲間も多そうだし、選り取り見取りって感じかとも思えるし。  不動卿は度し難い性癖の由来と関わってきてると面白いんだけどな,2019/02/21 11:53:16
489,ID:OjBiaEkw0,メイド服来た男の娘探掘家には違いねぇな,2019/02/21 12:19:29
490,ID:jvLPx9aVd,メイドインアビスってそういう,2019/02/21 12:27:44
491,ID:muK7Zickd,マルルクとメイドインしたいそす,2019/02/21 12:30:09
492,ID:oHvN1DHvp,メイドのいない詐欺漫画,2019/02/21 12:41:48
493,ID:QuirppjDd,マルルクがいるだろ,2019/02/21 12:45:47
494,ID:Z+DoIMlUa,マルルクが主人公(強気,2019/02/21 12:53:40
495,ID:r2MSJda60,マルルクはお婿に行くのか？お嫁に行くのか？  まぁ、お師さまが許さんか…,2019/02/21 13:09:09
496,ID:fc56COi90,マルルクの特急遺物は婿入りするしマルルクのアビスは嫁入りするよ,2019/02/21 13:41:23
497,ID:tEHNINsR0,奈落の底でメイドが待つ,2019/02/21 14:04:03
498,ID:JGfIPLCDd,あまりにストレスを受けすぎて幼児退行するナナチも見てみたい,2019/02/21 14:26:28
499,ID:rZgAenAa0,>>499  喫ミーティ関係解決したら本当にそうなりそうで怖い,2019/02/21 15:29:17
500,ID:NV16aFN00,配信開始,2019/02/21 16:12:36
501,ID:OaxKtKIQ0,30日までに間に合いそうだな,2019/02/21 16:15:54
502,ID:vylmQY/7d,2月30日確定かなこれは,2019/02/21 16:40:15
503,ID:56ZO35qvd,おやおや。アビスに確実なものなどありませんよ。かわいいですね。,2019/02/21 16:44:29
504,ID:7QHo/Oyea,ナナチはいつも円形脱毛症になりそうなくらいストレス受けてるよな,2019/02/21 17:23:39
505,ID:hBRoqu04p,祝福ですぐモフモフ取り戻すからセーフ,2019/02/21 17:34:38
506,ID:56ZO35qvd,ハダカデバネズミナナチ,2019/02/21 17:38:55
507,ID:40z9GaIUM,7層には30月2日があります,2019/02/21 17:58:28
508,ID:cFt+EC+h0,>>507  どちらも元人間ですね,2019/02/21 18:15:50
509,ID:OIYQHUkn0,ハゲタデブネズミ,2019/02/21 18:25:38
510,ID:ehGXpK780,新世界よりの終わり方好き,2019/02/21 18:33:46
511,ID:mvfFfOUea,今来たけど更新は・・・・   新たな10日間に入る準備は整いました・・・・かな,2019/02/21 18:44:44
512,ID:Ftvdr3ypd,最近までネーム描き直してた,2019/02/21 18:50:39
513,ID:dkyjVD8Ja,5巻の表紙のリコが身につけてる白笛ってプルシュカお手製かな？,2019/02/21 19:10:13
514,ID:RW5Hty8+0,>>514で気がついて辛くなった　多分そう  ついでにプルシュカの胸にはボ卿が付いてた,2019/02/21 19:40:45
515,ID:uui0LQIG0,>>515  ついでにナナチの後ろにはボ卿の手が…  尻が辛い？,2019/02/21 19:49:58
516,ID:XTt0DRjY0,睾丸焼きでも尻に付けたのかな？,2019/02/21 20:33:03
517,ID:6C57o5HEd,スレチだけど「新世界より」も  しんどい内容だったなー  貴志祐介大好きだけどね。  アニメ版も作画は残念だったけど  好きだったな～,2019/02/21 20:38:57
518,ID:6b7bT1ojF,なのでー。  是非「天使の囀り」を  地上波アニメで放送して  もらいたい！,2019/02/21 20:41:58
519,ID:wx0NbKWa0,更新まああああああ！,2019/02/21 20:58:32
520,ID:r2MSJda60,銃夢がハリウッド映画化されたんだ、アビスだって出来るさ！！,2019/02/21 21:01:43
521,ID:XTt0DRjY0,R指定付きそう,2019/02/21 21:07:57
522,ID:TR5q7w9+0,銃夢の映画は日本でも受けるか微妙じゃね？,2019/02/21 21:09:44
523,ID:HvEMYWGIa,ハリウッド映画となるとレグが饒舌な黒人でリコは北欧系白人少女だな  ナナチはアジア系…,2019/02/21 21:16:03
524,ID:rEbDaGmi0,レグ「ﾌﾞﾝﾂｸﾂｸﾂｸ、ﾌﾞﾝﾂｸﾂｸﾂｸ、ﾍﾞﾎﾞﾍﾞﾎﾞﾍﾞﾎﾞ、ハッハッハッ！ゲリラ・スリラ・連れてってマニラ・口当たりいいのはバニラ。どれ、あれ、それ、そう！だからCIAに言えよ、さっさと出てけってな！」,2019/02/21 21:20:09
525,ID:ASCeF4rH0,ハリウッド版だとナナチとミーティが布団で話してるとこが濃厚な濡れ場になってそう なってない？,2019/02/21 21:38:46
526,ID:TR5q7w9+0,ハリウッドなら  レグは顎が割れたマッチョ  リコは金髪のボッキュンッボ  ナナチはジャージャー  くらいになるんじゃね,2019/02/21 21:42:01
527,ID:xqzrEuXd0,cv玄田哲章レグが 待たせてすまない リコ 次の指示を頼むってのも聞きたいですね,2019/02/21 21:53:39
528,ID:5ucw37U70,ヤバい！  そういや今月は30日無いね,2019/02/21 22:34:13
529,ID:XTt0DRjY0,知らねよ～,2019/02/21 22:35:38
530,ID:Vhpkftno0,さあみなさん準備は整いましたか  未踏の2月30日に至るときがついに来たのです,2019/02/21 22:45:31
531,ID:XbfaPaC50,更新まああああ・・・(チャパ パ パ  https://i.imgur.com/jRaRBH5.jpg,2019/02/21 22:47:31
532,ID:lfovywIM0,https://twitter.com/HIDIVEofficial/status/1056302065478221824  「ナナチ、ナナチ。新しいカートリッジは、いい調子ですよ。もっと喜んでください。  　あなたのおかげなんですから。さぁ、笑って。実践の成功を、祝いましょう。」  https://twitter.com/5chan_nel (5ch newer account),2019/02/21 23:01:17
533,ID:yddJH/A/0,>>533  ワロタ  ナナチィ…  これはいいパパだわ,2019/02/21 23:21:53
534,ID:HH477Uw00,ねっとりナナチ好き,2019/02/21 23:37:52
535,ID:rEbDaGmi0,>>533  揚げ足取るようで悪いが  「実験」だな「実践」ではなく,2019/02/21 23:54:22
536,ID:Vyd7+lxb0,Remixでトコシエコウ生え散らかした,2019/02/22 0:01:02
537,ID:yg/HOF8O0,生放送聞いてて、先生の突き抜けてない方の趣向はお母様の影響かな～と思った  ハイレベルな親子会話,2019/02/22 1:13:15
538,ID:jwc3ri6W0,次の更新は2月30日ですよナナチ、慌てないで,2019/02/22 1:22:44
539,ID:+k0zrg750,表紙はいつもあり得ないもんが書かれてきたよな。プルシュカとボ卿交えての夜明けの冒険や、ミーティがマトモな成れ果てになってたり。つまり、6巻も7巻の表紙もあり得ない未来ということか？  確かにベラフがタンバリン叩いて村でほのぼの踊れるわきゃないし、6巻もファプタの理想だったのかな。リコとナナチが居なければ二匹の獣を殺さずに済んでたんだし,2019/02/22 3:48:43
540,ID:tV+w+zyg0,殺されたから表紙に登場できたんだな,2019/02/22 4:37:00
541,ID:dbgEqlMw0,村のなれはては全員複製で、本人はすでに居ないのかも,2019/02/22 6:46:23
542,ID:ioVHg3GL0,>>542  皆さん黎明の箱庭でお待ちですよ,2019/02/22 8:30:48
543,ID:Z7z4/c33p,成れ果て村編が終わって、村を出た瞬間、振り返ると何も無かったりとか  ありふれた展開だから土筆卿はやらないだろうけど,2019/02/22 8:33:06
544,ID:SUbdRHitp,？？「まず、ナナチとは…（ﾈｯﾄﾘ」,2019/02/22 9:16:13
545,ID:buq0WB3Vd,>>538  地震の後の話、凄まじかったよな  ああ、つくし卿のマザーなんだなって納得した,2019/02/22 9:17:54
546,ID:xAzDs7sLa,ドシガタの子はドシガタ,2019/02/22 9:54:48
547,ID:r4/rwIDd0,いつの間にかナナチが戦闘機乗りに  そしてロックオンされた時に  いけませんナナチとおもわず,2019/02/22 11:52:58
548,ID:nRc1ZVRgd,>>546  結構エグい親戚の話だったな,2019/02/22 12:18:44
549,ID:UIiGFANUM,>>545  石破やめろwww,2019/02/22 12:41:14
550,ID:z4JxpY7F0,エバーオアシスってゲームの主人公レグにそっくりだな  デザインしたのつくし卿じゃね？,2019/02/22 16:09:23
551,ID:7u9JNXqD0,つくし卿じゃなくてしずまよしのりですよ、ナナチ  艦これで島風や長門陸奥、大和に武蔵のキャラクターデザインした方です,2019/02/22 16:29:57
552,ID:eJH9x0Fv0,しずま氏のこういうイラストはなかなかレアだな,2019/02/22 16:40:15
553,ID:kdkoLLZp0,アビス自体もキャラデザや設定が作りこんであるからゲーム感あるな  というかゲームで遊びたい   開発はアルトネリコやアトリエシリーズが好きだからガストで,2019/02/22 17:52:17
554,ID:xAzDs7sLa,フロムに作らせよう（難易度的な意味で）,2019/02/22 17:55:22
555,ID:4HnprRQ/d,一発即死上等のアビスソウルか…いや、まんまだな,2019/02/22 18:00:23
556,ID:yUPafcbGd,アビスの穴をGravityDaze  ↓  成れ果てる,2019/02/22 18:23:49
557,ID:IbxQD63o0,2000年以内に最深層を目指すのが目的の残機無限の死にゲー  なんか割と面白そうだな,2019/02/22 19:05:54
558,ID:65euN2JQF,配信開始,2019/02/22 19:08:16
559,ID:Lw71587c0,ほんまや,2019/02/22 19:10:28
560,ID:8h5yTfVH0,配信ってなんぞや？,2019/02/22 19:19:15
561,ID:CH/R1bl40,ニコニコ　デュクシ　オウフでぐぐれ  つくし卿の作図がみれる（極稀に）,2019/02/22 19:20:43
562,ID:XGXR3a0md,ありきたりだけど  行きは原生生物と戦い+遺物探しで金稼ぎと装備強化（とった遺物は地上で買い直して初めて装備できる）  帰りは呪いで体力を削られながらいかにうまく帰るか（下層に降りるごとにダメージ+状態異常で欲張ってたくさん取りすぎると体力ゲージが切れて置いていかざる終えなくなる上手く隠せば次潜ったとき回収できる  MMO形式でいろんな人と協力したり逆に下層からきたプレイヤーを襲ったりできて  レベルが上がるにつれて負荷に対応できるようになったりランク（笛）が上がるごとに下層にいけるようになる  そんなゲームが出ないかなぁ…,2019/02/22 19:27:55
563,ID:D4yIAZm/a,アビスは帰り道のあるスペランカー的なゲームで遊びたい  死亡シーン集が上がるくらい豊富な死にパターン付きで,2019/02/22 19:43:35
564,ID:yUPafcbGd,>>563  こういったまるでAAA級のようなゲームでさえ、現代ではたった一人でも開発出来るんだから  多分やる気次第なのだろう…。  Steam：Bright Memory - Episode 1 / 光明&#35760;&#24518;：第一章 　  https://store.steampowered.com/app/955050/Bright_Memory__Episode_1/,2019/02/22 20:46:07
565,ID:VB1Xw0xK0,度し難いハウスだ！！  リコさん隊はお腹がすきすぎて目が回ってきた  リコさんはまるい遺物（未識別）を装備した！　遺物は呪われていた！  リコさんは不思議の大穴 6層であやしいかげに倒された,2019/02/22 20:50:21
566,ID:SoyNAj3ba,豊富な死に方って言うとクラッシュバンディクー思い浮かぶな  丁度アビスにもアクアクみたいなアイテムもあるし,2019/02/22 20:56:23
567,ID:OgwMU98p0,原作・アニメに準拠したゲームオーバータイミング   ・ベニクチナワからＱＴＥ失敗で逃げきれず丸飲みで即死  ・孤児院からのステルス夜逃げで院長に見つかり裸吊り  ・ナキカバネに攫われたリコを選択的に生かせず誤射  ・シーカーキャンプのボス、オーゼンの耐久テストに耐えられず圧死  ・泣いて引き留めるマルルクにほだされ憧れが止まる  ・マドカジャク、ベニクチナワとの再戦の二連戦で対処を間違うと捕食  ・アマカガメの内部で適切にコマンドを打ち込めないと溶解死  ・３層の甘い幻覚に囚われ、リコの精神が戻ってこれなくなる  ・４層のタマウガチ戦ではシビアなＱＴＥで失敗するとリコがタマウガチよりも大きくなる  ・ナナチのお使いはタケグマだけ失敗するとリコの肉が腐り死亡  ・不屈の花園で逃げ遅れると生身の二人が寄生され規制もののグロ死  ・霜の稜線を跳んで渡る時にタイミングが合わないと落下死  ・イドフロントの階段で視界が暗転し、闇雲にレバガチャするとリコがグシャ死  ・拷問椅子で抵抗のボタン連打が足りないとレグが発狂  ・ボ卿との初戦は余力やアイテムを出し惜しみすると普通に敗北する難易度  ・ゾアホリックのある部屋で祈手に見つかるとリコが囚われゲームオーバー  ・暴走レグは操作感がぬるぬるで制御が難しく、特に極大火葬砲は調整を間違うと仲間を巻き込む  ・イドフロント最終戦、火葬砲のエネルギー切れ、ナナチの発射指示タイミングやリコの照準のズレなどでボ卿の実験体エンド  ・ゾアホリックを破壊し、ボ卿を根絶やしにする選択をするとなぜかゲームオーバー,2019/02/22 21:04:53
568,ID:zZHkdQQ1r,でも十分な科学力と兵力あれぱアビス内部に基地拡大して行けそうだよね。  極端なハナシ、100万人のボ卿がいれば。  各階層分けキッチリやって、物資は貫通エレベーター、危険な原生生物は駆除。,2019/02/22 21:27:32
569,ID:JBZ4Wn5S0,アビスゲームRTAとか出たらって考えたけど絶対白笛級の外道ムーブのオンパレードになるな  4層到達時に何もないところに向けて火葬砲発射、住人が消えたナナチハウスで解毒薬だけ回収とか,2019/02/22 21:46:04
570,ID:zW3Fx189p,わたしQTEきらい！,2019/02/22 21:47:15
571,ID:7u9JNXqD0,>>571  おやおやナナチ、、好き嫌いはいけませんよ  とりあえずベヨネッタをやってリハビリしましょう,2019/02/22 22:00:14
572,ID:6DwN+IVH0,スタイリッシュ痴女ババアアクション,2019/02/22 22:16:29
573,ID:sh/YpEH8a,呪いはステータス異常で  一層上昇負荷：軽い画面の揺れ  二層～：速度低下と少々のHP減少  三層～：二層に加え幻覚によって地形が変わる（幻覚なので見た目だけ）  四層～：上昇した距離に比例する大ダメージ  五層～：画面が真っ暗になりプレイヤーの操作と無関係に動き回り自らにダメージを与える  六層～：基本的にゲームオーバー、ある条件でしゅくふか体に  七層～：ゲームオーバー,2019/02/22 22:29:28
574,ID:7B8ckA3kp,4層以降がクソゲーじゃねえか！,2019/02/22 22:40:27
575,ID:wx/1/rGe0,5層はメイニャで、軽減とか回避できるようにすればいいんじゃね？,2019/02/22 22:47:54
576,ID:4l7I7dstd,アイテム:メイニャ(5),2019/02/22 22:57:01
577,ID:9ubkJTyid,>>573  ＞スタイリッシュ痴女ババアアクション  すでにオーゼンさんって言う立派なバ、ヴァ  あぁー！やめ、マル！るっ…,2019/02/22 23:02:20
578,ID:tILe4lSm0,51話の原稿が上がっているかは不明だけど、  竹書房は2/28に何らかの更新とする予定があると読み取れた  #4のリピートかも知れないけど、2/28更新予定とある  この情報は“価値”だと思うんだけど、どうかな   https://i.imgur.com/hQEoe66.jpg,2019/02/22 23:15:24
579,ID:kZDklrcd0,>>106-109  俺はコミュ障だから会話思いつかないけど  眼鏡キャラってあんまり人気ないけどそれを主人公で魅力的にしてくれた  メイドインアビスはスバラシイと言いたいかな,2019/02/22 23:25:43
580,ID:ryzGJsAg0,>>579  そらリピート配信のほうはもうデータあるんだから次回更新日あって当たり前じゃね…？,2019/02/22 23:34:27
581,ID:kZDklrcd0,>>569  それって、最初は難易度高いゲームだけど条件そろってくると余裕になるゲームみたい  あるいは色んな手段あるけど結局はボ卿増やすのが効率的とか,2019/02/22 23:36:33
582,ID:ZdrUBm0B0,3/10じゃなく2/28更新の可能性があるってことでしょ,2019/02/22 23:46:38
583,ID:0vu4vvRB0,>>540  表紙イラストの右側にはその巻で失われたものが描かれているって法則はあるっぽいけど、  表紙イラスト全体がありえないものって縛りはないと思うよ  (ありえないと断じるとそれで終わっちゃって、つくし卿の特徴である物語性のあるイラストの魅力半減するから)  むしろ本編と繋がりあると考えた方が味わい深いというかいろいろ深読みできるよ  3巻は表紙裏見ればわかるけど実際にナナチが見た夢だし  4巻はおそらくボ卿の愛と狂気が混じった頭の中だし  5巻はもちろんプルシュカの願い  6巻は普通に記憶喪失前のレグとファプタの過去  7巻はすみませんわかりません   ただ、失われたものとしてリコのヘルメットがあって、なぜかそれがピンク色に描かれていて  その他のピンクの成れ果ても狩りで死んだんじゃないかな  そしてまああさんが同じくピンク色なのが何かを示唆しているのか・・・,2019/02/22 23:56:17
584,ID:kZDklrcd0,本当にそうなるかどうかはおいといて　その情報は面白い,2019/02/22 23:56:59
585,ID:Mx1dgQj00,VRナナチ  ナナチと協力して数々の実験を成功させよう!  撫でたり声をかけたりするタイミングによって協力度がアップして強力なアイテムが作れるぞ！  構ってあげなかったり特定の実験をするとナナチの勇気が上がり、これが協力度を上回ると  拠点を離れてしまうので気をつけよう!,2019/02/23 0:00:07
586,ID:bnht/M/C0,>>586  勇者のくせになまいきだってゲームがVR（バーチャルリアリティー）化したゲームでは  魔王の「ムスメ」ってキャラがカワイイと話題になったんだっけ  邪神ちゃんドロップキックって漫画がアニメ化して  邪神ちゃんドロップキックのキャラがバーチャルユーチューバー化したような例もあるし  いけるかもな！,2019/02/23 0:18:54
587,ID:ceH0GZdl0,>>587  https://youtu.be/3F0gYGYA5es   勇者のくせになまいきだVR やったけど、ムスメ可愛かったよ　すごくかわいかった  自分のすぐ横にいる感じがたまらんかった   あと、つくし卿はバーチャルユーチューバーもなんかやってるよね・・・良く知らないけど。  ↓これはつくし卿キャラデザのバーチャルユーチューバーかな  https://youtu.be/Y-rEAppKjXI,2019/02/23 0:42:09
588,ID:UR3WKIWs0,>>584  ああそうか、失われたものというより、ありえないものなのか  7巻は、フルボッコにされたジュロイモーさんが元気なところ,2019/02/23 0:42:41
589,ID:o/EBNudX0,VRChatならナナチ多すぎてもうナナチ村出来てるぞ,2019/02/23 0:46:20
590,ID:iuQ+KtcRd,マルルク村はどこでしょうか？,2019/02/23 1:20:39
591,ID:nb0qobkb0,>>584  6巻以外は全部有り得ないものじゃん  2巻はあったかも知れない別ルートかな  基本、本編では描かれることの無いifストーリー  6巻だけは時間が足りなくて不満な出来になったって言ってたから、あれは本編でやる予定だったのかな  レグがブラジャーを頭に被ると言う有り得ない変態ルートかも知れない  あと、つくし卿は色弱なので、カラー指定を間違える事は過去何度かあった,2019/02/23 1:32:31
592,ID:Mx1dgQj00,レグが頭にブラジャーを被る変態なのか  ファプタがゴーグルをブラジャーにする変態なのか  それとも二人ともブラジャーだと思って被ってゴーグルだと思って胸当てにしてるのか,2019/02/23 2:30:25
593,ID:mN+EZz6c0,>>592  6巻は実際にあった過去として考えた方がいろいろ面白いけどなあ  本編ファプタのブラがレグのヘルメット用ゴーグルなこと  レグがライザのブレイブリーブスを持っていること  ファプタがレグのマントをほすほす嗅いでいること  レグが本編の子供っぽさが抜けて、余裕のあるイケメンなお兄さんになってること   これらの描写をifストーリーで見るより過去とした方が本編もイラストも味わい深くなるやん  3巻イラストだって「読後感を豊かなものにしたくて」描いたってつくし卿言ってるし,2019/02/23 6:54:59
594,ID:Jlt7VbmAd,>>589  いやイラスト右側に失われたものが描かれるって法則  つくし卿も同人誌でそれっぽいこと言ってるし  スレでは昔から言われてる法則,2019/02/23 7:19:08
595,ID:wn2J9uDY0,プルシュカは  失われた訳ではないので  旅の仲間になる説   ただし白笛としても有り,2019/02/23 9:01:31
596,ID:mmQMFH6nM,>>580  お前はアラレさんを知らないのか、、！,2019/02/23 9:13:13
597,ID:LVVaYHcC0,メイドインアビス　～旅の仲間～,2019/02/23 9:52:29
598,ID:R0MifnF00,配信開始  今日描き終われば28日更新期待できる  俺今日は見れないから  誰か見て様子を教えろください,2019/02/23 10:44:32
599,ID:NG7M/5Yza,曜日と日付と月の周期が噛み合わないのもどかしいよね,2019/02/23 10:50:16
600,ID:4Kh+lzNud,>>596  イラスト右側って要は裏表紙だからね  5巻は抽象的だけどボ卿とナナチの繋がりとか因縁とかじゃね,2019/02/23 12:04:59
601,ID:y/1KM8iKd,劇場版総集編でもう出た(の？)プルシュカって  cv水瀬さんらしいけど、どんな声の感じなん  だろか。チーちゃん的なのかレム的なのか？,2019/02/23 12:44:34
602,ID:EByHnIyE0,まだやってるし観に行ったら？,2019/02/23 12:45:07
603,ID:cciwVSdN0,スレ伸びてるから更新きたのかと,2019/02/23 12:45:21
604,ID:jv8PFRf60,感情が乗ったチーちゃん,2019/02/23 12:45:25
605,ID:PJ2f5J2rM,お手紙を読むナナチ  https://i.imgur.com/3F3yKY5.jpg,2019/02/23 12:45:47
606,ID:ucWI2vMp0,>>594  うん、だからつくし卿も6巻は時間が無かったと反省を口にしている  明確に何がダメだったのかは説明してないが,2019/02/23 12:47:14
607,ID:mN+EZz6c0,>>607  4巻表紙でも気になるコメントしてる  「4巻の表紙は描画に時間がとれず  表紙以外で出したくなかったっけど  続く巻もそんな感じだったので  もう載っけちゃえってなりました」(原文ママ)  何を？って感じだけど,2019/02/23 14:05:59
608,ID:iuQ+KtcRd,スペルマ,2019/02/23 14:15:58
609,ID:mN+EZz6c0,3巻表紙も単なるナナチの夢(＝ありえないif世界)と見るより  本編中でレグに過去を告白した後ナナチが寝てるまさにその時に見た夢として考えて鑑賞した方が  当時ナナチが心を許し始めたレグたちに何を想い無意識に何を期待してしまったのかを感じとれて面白いよ(同じ認識だったらすみません)  ミーティに伝えたくても伝えられなかった鳥のぬいぐるみを  レグとの協力でつり上げて満面の笑みでミーティに見せてるの泣ける,2019/02/23 14:22:05
610,ID:/CE1KfIJp,>>608  もともと、表紙・巻頭イラストを画集として出す前提でやっていたという話では？もっと作品として手を掛けてやりたい所だけど時間が無いから仕方なくそのまま表紙に...って感じだと思う,2019/02/23 14:24:11
611,ID:4Kh+lzNud,>>611のレス見て改めてコメント見てみたけど  逆じゃないかな？  「4巻の表紙は描画に時間がとれず(あまりお気に入りでなく)  (不本意なので)表紙以外で(同人誌とかでは)出したくなかったっけど  続く巻もそんな感じだったので(時間が取れず不本意な表紙イラストになっちゃったので)  もう(この同人誌に)載っけちゃえってなりました」   あ、これ同人誌のコメントです  たいした意味はなかったみたいですすみません,2019/02/23 14:42:23
612,ID:GThJNZzl0,アニメプルシュカイメージと違いそうだな,2019/02/23 14:52:51
613,ID:4Kh+lzNud,3巻見返すとミーティ初出と6層壺ミーティほんと全然違うな  ハンタみたいに作者がキャラに愛着持つとともに絵柄が変わってる現象かと思ってたけど  ボ卿6層来訪時以降度重なる実験でここまで崩れちゃったのかね  もしくは3巻内でもミーティどんどんかわいくなってるから  ナナチが何かした直後でめっちゃ崩れて回復中だったのかも,2019/02/23 15:17:33
614,ID:Hf7VXBIta,べラフの高度な演出がミーティをかわいく魅せてるって何かで見た,2019/02/23 15:19:50
615,ID:dXO8T8Jm0,原作と声違うと違和感すごいけど果たしてどうなることか…,2019/02/23 15:20:51
616,ID:WvPObf2Pa,ベラフが望んだミーティだから複製するときに美化されてる可能性,2019/02/23 15:30:09
617,ID:BexSFJ5l0,少々いびつになってるって言ってたしなオリジナルは,2019/02/23 16:00:10
618,ID:qT/VLfgQ0,>>593  ファプタにブラジャーの概念があるとは思えない。  レグが恥ずかしがって隠すものとして渡し  ファプタはよく分からないまま、適当にその辺りに付けてる感じ。,2019/02/23 16:13:00
619,ID:4Kh+lzNud,>>619  恥ずかしがって隠すものとして渡したっての面白いな  表紙のマントなんかそれっぽいかも  でも隠すものとしてゴーグル渡すのはちょっと抜けてる気がするので  再会の約束として渡したのをファプタが肌身離さずずっーと身に付けてたって感じでは,2019/02/23 16:26:12
620,ID:RnIbsnoB0,ワズギャンは野原ひろしの声で脳内再生してる,2019/02/23 17:34:15
621,ID:iuQ+KtcRd,ミーティは意外とデカい下半身の歪さのせいだと思ってるから壺補正も入ってる,2019/02/23 17:37:58
622,ID:cciwVSdN0,エシディシっぽくなりそう,2019/02/23 17:38:43
623,ID:RnIbsnoB0,間違えた  ワズキャンだった,2019/02/23 17:41:44
624,ID:mNEGccmT0,ヘソ(？)が背中側に来てるの可哀相だよね  首から下ねじれちゃってるんだ…って   ボが見せびらかしに来た時(匂いで分かった本物の不死だのコマ)既に可愛いからベラフマジックではなさそう  いやでもベラフの回想だから分からんか？,2019/02/23 17:46:50
625,ID:x0y55t8Sa,リコはどんどん可愛くしてるって、つくしが言ってた。,2019/02/23 18:09:34
626,ID:Mx1dgQj00,壺ミーティは猫鍋とかティーカッププードルみたいな可愛さ,2019/02/23 18:20:38
627,ID:lp0qncbv0,喫ミーティされるけどな,2019/02/23 18:34:15
628,ID:Rf38cuBo0,すいません、ナナチキ一個ください,2019/02/23 18:53:32
629,ID:HjznK6q80,ナナチンコとナナチーズならありますよ,2019/02/23 19:10:29
630,ID:o/EBNudX0,ナナチンコのLサイズでお願いします,2019/02/23 19:16:39
631,ID:QeuYtx3Bp,あっスイマセンそれまだなんですよ,2019/02/23 19:34:17
632,ID:4Kh+lzNud,>>626  面白い  最終的には最かわいいキャラになるかも,2019/02/23 19:39:30
633,ID:EByHnIyE0,ミーティみたいになるってこと？,2019/02/23 19:40:34
634,ID:qvzAfSAca,リコは髪切ったらますます父親似になった,2019/02/23 20:02:18
635,ID:ceH0GZdl0,ファプタ可愛いというか美しいというか  超好きなんだけどほとんど出番がないのが悲しい  これから出て来ると思うけど・・・   ナナチみたいに旅についてきてほしいな  そろそろ4人パーティになっていいと思うんだよ,2019/02/23 20:03:09
636,ID:4Kh+lzNud,>>636  そうなったら最高だけど  プルシュカが出てた回でさえ4キャラ描くのめんどくせーってひいひい言ってたのでなかなか難しいかもね,2019/02/23 20:17:45
637,ID:4Kh+lzNud,あ、でも当時はアシスタントいなかったし  今成れ果ての村で相当な数のキャラ同時に描けてるしいけるかも！,2019/02/23 20:20:21
638,ID:2K5gM2sd0,本編の手を止めないように設定監修だけする感じで外伝ほしい  リコ・サンは冒険家ではあるけど探窟家として何もしてないし……,2019/02/23 20:26:59
639,ID:nn6lvS/U0,今はむしろ村で成れ果てを大勢描き  回想で人を大勢描いてる真っ最中だからもうウンザリみたいに言ってたし  これ以上キャラは増やさないんじゃないか  プルシュカみたいにグッズ化して持っていくかもしれないけど,2019/02/23 20:31:15
640,ID:mN+EZz6c0,>>634  バキみたいに人気キャラだらけのメイドインアビス界でリコが主人公張るには  主人公バキみたいに他キャラの強さ(萌えポイント)を取り込んで  最強(最かわいい)キャラになるしかない   具体的には祝福体になってナナチばりのふわふわとマルルクの清楚さとレグのちんちんを手に入れてアビス上最強のライザとエア朝食をーー(略),2019/02/23 20:42:16
641,ID:yR3ocEROd,>>614  > ナナチが何かした直後でめっちゃ崩れて回復中だったのかも   察した  タマウガチの毒射って薬作った直後…,2019/02/23 21:13:27
642,ID:x0y55t8Sa,つくし卿に出してもらいたいもの  ・遺物録  ・アビス原生生物図鑑  ・メイドインアビス設定集  ・白笛外伝  ・マルルクの一日  ・つくしあきひと画集   アイテムとしては  ・アビス全図ポスター  がぜひ欲しい。,2019/02/23 21:33:46
643,ID:EByHnIyE0,画集がほしいね  外伝系は他漫画家がかくことになりそうだしいいや,2019/02/23 21:35:51
644,ID:AJbJ47Ux0,下層と地上で時間の流れ違うらしいからもしかして実はもう2000年問題発生してんの？,2019/02/23 22:05:47
645,ID:Mx1dgQj00,4層からの電報船が届いた時点でオースは探窟家以外皆逃げてる  つまり街の住人が住んでいられないと思う程度には洒落にならないペースで人が死に始めてたのではないか,2019/02/23 22:31:40
646,ID:q1adKhvmd,外国での遺物の価格もっと上がってるんだろうなあ,2019/02/23 22:45:54
647,ID:4Kh+lzNud,>>646  キウイが回復した症例をもとにジルオが頼んでオーゼンの白笛強権発動で早速島民避難させたんでないかい  双子の言い方からしてそれなりに死んでるだろうけど  それかあの双子は片方死んだからもう片方は避難拒否して残ったのであんな放置状態になったか,2019/02/23 22:54:50
648,ID:4Kh+lzNud,>>643  オーゼン伝説  らーめんマルルクさん,2019/02/23 23:10:28
649,ID:GThJNZzl0,今朝の生放送まとめ：大人は全員死ねばいい,2019/02/23 23:15:19
650,ID:Mx1dgQj00,ファプタは付いて来なかったとしてもプルシュカ並のインパクトを残してくれるはずだ  立ち位置的にもストーリーにガッツリ絡んでるし、生半可な別れにはならないだろう  根拠はこだわりのでべそ,2019/02/23 23:46:28
651,ID:Lkht8Jacd,>>642  いやナナチ流抜骨法で背骨を抜いて  背骨の一部を抜かれた体は背筋によって逆側に反り返り続けた結果かもしれない  ふわっ、シュバッ！っと  (元ネタは竜道のシグという20年前ぐらいにジャンプでやってた打ち切り漫画ですニッチすぎてすみません),2019/02/24 0:34:20
652,ID:qJ/gNmmca,ワズキャンは江原正士声で読んでるな,2019/02/24 0:50:55
653,ID:Lt5KD91Qd,俺は石塚運昇さんだった、もう叶わないが…,2019/02/24 0:53:15
654,ID:+dLwlqff0,？,2019/02/24 0:57:02
655,ID:zPT67niv0,石塚運昇さんは去年の8月に亡くなっている,2019/02/24 1:02:26
656,ID:HhyzSbiQ0,>>643  画集を写真集だと勘違いして？？？ってなった,2019/02/24 1:15:36
657,ID:5TBBaYGc0,ワズキャンは堀内賢雄さんだぞ,2019/02/24 1:33:51
658,ID:QqD4IKrF0,大塚 芳忠さん派は俺だけか…？,2019/02/24 1:47:10
659,ID:pZuHqN3Dd,>>659  私もですよ,2019/02/24 2:05:40
660,ID:YAskFvz20,>>659  わかる  鶴見中尉みたいな感じでイイねぇ！って言ってる,2019/02/24 2:05:46
661,ID:Xs6rzeKQa,>>645  流石にまだだろうけど、徐々に影響が出るタイプか2000年に1度くるタイプかで違うよね  誕生日に死ぬ病がそれっぽいけど,2019/02/24 3:07:56
662,ID:vG4/2SQA0,ワズキャンは津田健次郎  ベラフは石田彰,2019/02/24 4:36:24
663,ID:SWlDtLHTp,エロ子さんは能登麻美子で,2019/02/24 5:00:04
664,ID:16nQnxgH0,>>663  わかる  >>658  もわかる   ワズキャンは大塚明夫でもいい気がする  ベラフ石田彰はあまりにもベタ過ぎるから、神谷浩史とか,2019/02/24 5:32:15
665,ID:Ebzm/nYa0,ベラフ成れ果て後の  神谷を想像したが微妙かな   ワズキャンは中田譲治さんがいいなあ,2019/02/24 9:16:08
666,ID:5TBBaYGc0,やっぱ各々再生してるんだな  そういう意味でプルシュカが水瀬いのりは予想外だった人が多そう,2019/02/24 9:31:07
667,ID:U/Lg9TpK0,意外だったけど結構あってる感じがあった  結構声優選びいいよなぁ,2019/02/24 9:35:51
668,ID:16nQnxgH0,プルシュカは久野美咲ちゃんで再生してた,2019/02/24 10:34:57
669,ID:lE+DbgS20,>>650  しかも死なせるコマも惜しいからコマの愛だで死ねばいい,2019/02/24 11:12:21
670,ID:hY86MTGX0,次の更新は2月30日かしら,2019/02/24 11:20:00
671,ID:lMylaL1ra,3月10日だぞ,2019/02/24 11:32:40
672,ID:kVmHRKxq0,リコ:メンタル最強の料理&遺物知識担当  レグ:戦闘最強のバトル要員  ナナチ:サポート全般担当のブレイン  プルシュカ:深層必須アイテムのユアワース  メイニャ:匂い嗅ぐと誰でも力場が見れるようになるペット   ファプタが仲間になってもポジションなくないか？  村にとっては最高価値でも7層以下で活躍の場があるかと思うと,2019/02/24 11:40:48
673,ID:r1BLohJN0,>>673  ナナチに次ぐマスコット担当,2019/02/24 11:44:12
674,ID:nhx2W5Ri0,ファプタって  姫姫言われるだけで  何ができるのかわからんよね   不老不死以外何ができるんだよ,2019/02/24 11:45:08
675,ID:bCRHmpS50,多くの姫は別に特殊なことできないと思うぞ,2019/02/24 11:47:02
676,ID:zPT67niv0,俺はエロ子さんは松田颯水さんにやってほしい,2019/02/24 11:49:19
677,ID:nhx2W5Ri0,ナウシカとかクッパ姫とか  ファプタ砲とかないんか,2019/02/24 11:49:49
678,ID:bCRHmpS50,>>678  どっちもフィクションじゃん,2019/02/24 11:51:41
679,ID:DGAlrVvjd,あはああはあ,2019/02/24 12:00:11
680,ID:N2qhHb6f0,ファプタって飛べるんだろうか  登場時にビッグダディの周りを漂ってたように見えるけど他の動きは大体6本の手足で何とかなりそうな感じだし  レグをお持ち帰りしたときも大ジャンプと言えなくもない動きだったし  動き回るシーンが早く見たい,2019/02/24 12:10:24
681,ID:r1BLohJN0,ファプタの色使いが何かに似てるな～ってずっと引っかかってたんだけど  やっと今分かった  ブリーディングトゥース（bleeding tooth fungus、学名：Hydnellum peckii）っていうキノコだ,2019/02/24 12:19:54
682,ID:M0xBOYZJ0,どっちかと言えばミーティだった,2019/02/24 12:26:45
683,ID:nhx2W5Ri0,なれ果て＝キノコ退化説  に着目,2019/02/24 12:35:35
684,ID:6Ga/h1eEM,マスコット担当はまああさんがいるんだよな,2019/02/24 12:38:23
685,ID:dToAr2VFa,ファプタじゃなくてまああさんがついてくる展開だったらイヤだ  いや、まああさん好きよ？すきだけどね？,2019/02/24 12:41:48
686,ID:r1BLohJN0,汚過ぎるケツを切り取ろう（提案）,2019/02/24 12:43:24
687,ID:ZSEUSpfvd,なんか徹底的に洗って綺麗にしてやりたいけど  直ぐに汚れケツに戻っちゃうんかな。,2019/02/24 13:15:28
688,ID:bCRHmpS50,ヤスリで削ればあるいは,2019/02/24 13:17:29
689,ID:M0xBOYZJ0,何故まああさんの価値を落とそうとするんだ,2019/02/24 13:23:12
690,ID:d/6AqVts0,オオガスミさんもケツだけは傷つけなかった程なのに酷いことしてはいけない,2019/02/24 13:23:24
691,ID:Uwkw+kBC0,まああだってなれ果てトイレ使えば綺麗だろ,2019/02/24 13:40:57
692,ID:rAlSr2F70,ナウシカの子供王蟲みたいな感じになるの想像したわ  リコ「動いちゃだめ！体液が出ちゃう！」  マアア「ま！」(村から出て消滅するマアアさん)   自分で漫画描けたら描いて楽しむのにな・・・,2019/02/24 14:24:37
693,ID:Rt8qomtt0,精算でもケツは持ってかれなかった  →汚いケツに価値などない  →メイニャを潰された程度で手に入るほどこのケツは安くない  どっちだ,2019/02/24 14:28:00
694,ID:v370F4pm0,風呂に入れて萎んだまああさんを見てみたい,2019/02/24 14:41:23
695,ID:sdabrg6h0,レグに次ぐ第二の呪い無効戦闘要員と考えたらファプタの価値高くね？  それに加えてマスコットとレグの正妻ポジも埋まるんだしいっそファプタとレグの二人旅にするそす,2019/02/24 14:51:44
696,ID:r1BLohJN0,わたファプタさんはかわいいそすね！,2019/02/24 15:04:46
697,ID:lMylaL1ra,正妻ポジが決まると余りは愛玩動物ポジだぞ   レグ君ハーレムルートやめろ,2019/02/24 15:04:58
698,ID:KGaV2PXJ0,レグくんにも穴はいっぱいありますからね,2019/02/24 15:16:15
699,ID:Cy68kLFI0,レグすら動けない力で押さえつけるし呪い無効だし謎移動出来るし可愛いしで  レグに次ぐどころかレグの上位互換すらあり得る  でもレグには火葬砲というオンリーワンがあるからレグはトドメ要員に転向だな  ファプタ「レグ！いまそす！」,2019/02/24 15:17:45
700,ID:/PQQ4Fg60,ファプタが敵を羽交い締めした所に火葬砲かな？,2019/02/24 15:23:31
701,ID:+wqtT+wF0,レグはバッテリーとしてレグハンドをファプタが持てば完璧,2019/02/24 15:32:15
702,ID:5dve+vvg0,レグ、早く出すそす,2019/02/24 15:50:03
703,ID:dToAr2VFa,この流れ草生えるわw,2019/02/24 16:18:08
704,ID:oNmV/Xwr0,>>653  俺は高田純次,2019/02/24 16:53:23
705,ID:/CWGZiaU0,なんでこんなに遅筆なんだ………  流れが決まってないのか？,2019/02/24 17:20:19
706,ID:IiuYox+7M,ワズキャン「テーマパークに来たみたいだぜ」,2019/02/24 17:27:50
707,ID:Uwkw+kBC0,ワズギャン  アビスの流儀,2019/02/24 17:32:15
708,ID:CMpxZi5A0,遅筆ではない,2019/02/24 17:55:45
709,ID:Rt8qomtt0,早すぎて逆に遅く見えてるだけだよ  本当は元日に更新してて俺らに見えてないだけ,2019/02/24 18:00:53
710,ID:Psa7H8kdr,あの書き込み量なら良くて月刊じゃねーかな。  季刊でも待つぞ俺は。  死んだり病んだりしないで完結させてくれればいいわ。,2019/02/24 18:06:54
711,ID:96xSbHXDM,神秘卿あたりそろそろ出てこないかね  どんな性格なのか気になる,2019/02/24 18:31:01
712,ID:nhx2W5Ri0,逮捕されないか一番の心配,2019/02/24 18:31:06
713,ID:PehNaR9q0,>>705  高田純次オルタって呼ばれてるぐらいだし,2019/02/24 18:47:18
714,ID:NK1XkCWqa,さぞかし神秘的な性癖の持ち主なんだろなぁ,2019/02/24 18:52:49
715,ID:cnMAF9w20,新年最初の更新(3月)だぞ  平成最後のメイドインアビスでもある,2019/02/24 19:01:25
716,ID:iTlSnPVW0,次の元号に踏み入る準備は整いました  共に更新延期を見届けましょう,2019/02/24 19:13:48
717,ID:thpfGira0,ファプタが姫ってことは、父親は王だな  成れ果ての王…,2019/02/24 19:21:37
718,ID:N6S0tzD10,話の流れはもう決まってるらしいから仕方ないけど、  ファプタは登場時にもうちょっと出番を多くして欲しかったなあ。  初登場からもうどのくらい経ったっけ？あれだけ魅力的なデザインなのに勿体無いというか・・・,2019/02/24 19:31:07
719,ID:r1BLohJN0,>>717  延期前提なのか…,2019/02/24 20:10:57
720,ID:bCRHmpS50,まぁ6日後には流石に読めるでしょう……,2019/02/24 20:17:20
721,ID:b+GCmqnp0,2月は20日から月末までは8日間しかないのか！  更新の可能性がある日の間隔が狭いからちょっぴりお得だな！（錯乱,2019/02/24 20:20:55
722,ID:e2AFMwB70,腕ブッチしたファプタが血肉を撒き散らしながら戦う姿が見れるよ！,2019/02/24 20:28:50
723,ID:vJm7Qgdn0,あ～早くプルシュカちゃんのアニメ絵が見てぇわ  深き魂はよ,2019/02/24 20:47:48
724,ID:JE/PRcpdd,もう頭の中ではプルシュカが石になるシーンと  マアアさんとの別れ(予定)のシーンは  Henazeve Caradhinaが流れてリコが号泣してるわ,2019/02/24 21:09:01
725,ID:thpfGira0,マアアさんを……捧……げる,2019/02/24 22:04:19
726,ID:Fj+9sbdE0,51話が更新されたらメールしてくれるサービスだれか開始してください,2019/02/24 22:28:04
727,ID:4/GVdUJy0,マアアさんは絶対死にそう,2019/02/24 23:06:55
728,ID:QkmN+qyH0,マアアさんはリコ隊に着いていこうとしけど村の膜を越えられず消え去る運命が見える,2019/02/24 23:08:33
729,ID:tMIfLhrJ0,マアアさん実はナレハテの王説,2019/02/24 23:16:29
730,ID:d/6AqVts0,村から出て振り向いたらメイニャだけになっててリコさんがマサルさんみたいな顔になるのか,2019/02/24 23:46:42
731,ID:6ISp7J+V0,>>727  つRSS,2019/02/24 23:50:39
732,ID:2YLfv8vJ0,膜が破られてなれ果て達が崩れて行く様をリコさんが泣きながら眺めるんですね,2019/02/25 0:22:37
733,ID:Nn71Ia4mD,>>731  すごいよマサルさん？,2019/02/25 0:35:33
734,ID:CG3Qx+dL0,ボスケテ,2019/02/25 1:39:58
735,ID:s3FTFYPy0,メソはヒゲの成れ果て,2019/02/25 2:42:55
736,ID:MnF2lSgT0,白笛まああさん  というか  あれから白笛どうすんだ,2019/02/25 6:51:33
737,ID:PVWMk5w60,配信開始,2019/02/25 7:56:29
738,ID:BTPiXheD0,こんな時間に…,2019/02/25 8:00:40
739,ID:7YYUaLb20,健康的で良いことだ,2019/02/25 8:09:06
740,ID:/tj6EhZYp,パン屋の看板変わってた  https://i.imgur.com/zCL9C8a.jpg,2019/02/25 8:19:54
741,ID:/caDfeUq0,んな、、、んだと,2019/02/25 8:22:05
742,ID:7YYUaLb20,働きナナチ,2019/02/25 8:36:53
743,ID:CaM5MAlSd,働きナナチは全てメスですよ,2019/02/25 9:43:21
744,ID:sPbgOw4JM,生殖能力の無いメスなので中出しても孕みませんよ,2019/02/25 10:08:49
745,ID:ppH34KVo0,村で寝てるのは女王ナナチなのか雄ナナチなのかどっちなんだ,2019/02/25 11:36:56
746,ID:htMe5Phmp,リコさんが髪切ったときにショタみが強くなってつくし卿やりやがったな…と思った  ショタじゃねえか！,2019/02/25 12:14:28
747,ID:Dc+nclEd0,>>747  そりゃリコさんは掘る方でレグが掘られる方だからな,2019/02/25 13:03:59
748,ID:IhrLdKuu0,奈落に挑むマルルクに武器を持たせるとしたら何？,2019/02/25 14:38:56
749,ID:1i17Hz/pa,裸一貫,2019/02/25 14:39:43
750,ID:fsmj0b21a,武器じゃないけどマグナティックコックタイは必須だろう  https://i.imgur.com/5hiGo8l.jpg,2019/02/25 14:54:22
751,ID:FjDadW/Za,それ防具,2019/02/25 15:43:11
752,ID:DC+6+/Qr0,つくし曰く、次回はいつもの2倍くらいあるけど大人ばかり描くから筆が進まない,2019/02/25 16:43:10
753,ID:Wq32Wjdo0,お師さまに追い付こうと鍛練を続けた結果、いつしか遺物無しで不動卿を超える腕力を獲得する＿,2019/02/25 16:51:48
754,ID:fT7RUZ6J0,マルルクの身体が華奢なのは栄養が全部ちんちんに行ってるからってお師様が言ってた,2019/02/25 17:10:42
755,ID:cXaPb8MF0,まっちょしぃみたいにまっちょるるく？,2019/02/25 17:12:42
756,ID:XMkU3fI/0,まっちょみるくに見えた,2019/02/25 17:17:13
757,ID:oAEa/ZNZd,気が付いたら終わってた,2019/02/25 17:19:14
758,ID:sPbgOw4JM,リコさんの奇妙な冒険,2019/02/25 17:56:07
759,ID:cisMUKuGp,次回は2倍ってマジか  また前後篇かな,2019/02/25 18:01:55
760,ID:cXaPb8MF0,延期期間も2倍,2019/02/25 18:12:15
761,ID:VTXOnUZd0,ﾄﾞｼｶﾞﾀ度も2倍,2019/02/25 18:25:54
762,ID:8Y5Q+QwEa,2月28日は更新できないってことかな,2019/02/25 18:28:06
763,ID:imsGAIz20,怒張率2倍,2019/02/25 18:30:56
764,ID:PVWMk5w60,2/28どころか3/10も3/20も絶望感,2019/02/25 18:40:22
765,ID:rhWDAmWi0,モザイクごしに見ても、まだ色は塗られてない感じがするなぁ,2019/02/25 18:55:18
766,ID:QTYkhJ2l0,>>760 >761  短く小出しにされるよりは全然いいけどな   WEB連載マンガで割とあるんだが、毎週更新だけど3～4ページっていう  漫画をつまらなくさせる見せ方でしかないよねアレ,2019/02/25 18:59:55
767,ID:WvYjx+TFM,ネリタンタンの練り胡麻担々饅まだ？,2019/02/25 19:07:16
768,ID:vzsLcfbj0,んなぁんなぁァァァ   https://twitter.com/kawasemi27/status/1099664839121588224?s=21  https://i.imgur.com/o9Nb8JK.jpg  https://twitter.com/5chan_nel (5ch newer account),2019/02/25 19:14:09
769,ID:ySog3nMY0,>>769  尻尾ちがくね？,2019/02/25 19:16:59
770,ID:XUPmMQod0,>>747  パパ棒（1級遺物）,2019/02/25 19:18:39
771,ID:vzsLcfbj0,>>770  猫ナナチって描いたやつが言ってる,2019/02/25 19:18:42
772,ID:9m1G4XoG0,指先も爪？みたいなのじゃない,2019/02/25 19:18:57
773,ID:L4bTBvYda,ナナチは猫じゃないだろ別にいいんだけど  猫系ならじゃらしに飛びつくけど犬系ならじゃらしを持ってる手の方に飛びつく,2019/02/25 19:22:35
774,ID:/F80oPlH0,確か最近ネコの日だったからな,2019/02/25 19:28:05
775,ID:zh7Da0Mb0,ほー  やはり犬のほうが知能高いのか,2019/02/25 19:28:15
776,ID:ipt+6F4F0,ナナチってチャオちゅーる食べるかな,2019/02/25 19:39:38
777,ID:imsGAIz20,ネコ（意味深）？,2019/02/25 19:41:34
778,ID:BTPiXheD0,お前らが言うところのネコだよ,2019/02/25 19:44:15
779,ID:u4XuL9jG0,マルルクはネコ,2019/02/25 19:50:13
780,ID:53HD0Ptp0,>>777  ナナチ～ナナチ～  ナナチ＜シャー！  ちゅーる、ちゅーる  ナナチ＜んなぁ～,2019/02/25 20:11:00
781,ID:Dc+nclEd0,>>776  どっちもカニスファミリアリスだから品種によってピンキリだろうけど、猫科は少数で獲物を追いかけて犬科は群れで時間をかけて獲物を追跡するから、目の前の動く物に反応するかどうかだろう  犬科でも狐の様な単独種や、猫科でもライオンの様な群生種だと狩の方法は異なる,2019/02/25 20:15:53
782,ID:m0TokE4Kd,>>769  いつも思うけどこの人描きたい物描いてるのに設定警察されて可哀想  ここに貼られてるどの絵にも言えるけど,2019/02/25 20:57:25
783,ID:SZKDXplr0,「大人を描いてると脳が止まる」,2019/02/25 21:11:23
784,ID:XMkU3fI/0,>>782  調べたらCanis lupus familiarisは「犬」「オオカミ」「家の」＝オオカミの仲間であるイエイヌで、  猫はFelis silvestris catusで、「猫」「ヤマネコ」「分別のある(家の)」＝ヤマネコの仲間であるイエネコ   って出てきたんだけど、どうなん？,2019/02/25 21:15:26
785,ID:Upa4+nl0a,猫も犬も熊もアザラシもネコ目  https://ja.m.wikipedia.org/wiki/ネコ目,2019/02/25 21:22:59
786,ID:s3FTFYPy0,大人を描く→脳が止まる  これを繰り返してるから回想編の進みが遅い可能性が？,2019/02/25 21:23:29
787,ID:dIVq7UAs0,ふーんじゃぁナナチ描けばいいじゃん（いいじゃん）,2019/02/25 21:25:17
788,ID:OXjKQzE80,もう大人の姿してるキャラは殆ど居ないような気がするけどなー,2019/02/25 21:36:52
789,ID:u/wQP4OEa,ツイッターの規則変わったせいで  つくし卿のツイ垢停止秒読み開始したな,2019/02/25 21:37:15
790,ID:imsGAIz20,ツイがダメなら他に移れば良い,2019/02/25 21:46:16
791,ID:BTPiXheD0,LOとか？,2019/02/25 21:49:08
792,ID:MnF2lSgT0,児童の性的搾取禁止だからな,2019/02/25 21:50:57
793,ID:BTPiXheD0,でも祈り手がレグから搾取してたのは性的なのじゃないから,2019/02/25 21:52:11
794,ID:kcb4aLFy0,>>777  https://pbs.twimg.com/media/D0QN-WEVYAEF62s.jpg,2019/02/25 22:08:46
795,ID:oAX6hTIH0,>>793  あれらは人としての運用をしておりませんので,2019/02/25 23:23:42
796,ID:a5uHLODT0,初期の方と7巻見比べたら明らかにリコが可愛くなってる…  今の普通に可愛いリコも好きだけどあのアホ面が懐かしい複雑な気分,2019/02/26 0:00:03
797,ID:3t1R3PrE0,28日はないっぽいのか…,2019/02/26 0:11:07
798,ID:/pEdZ5Oc0,>>790  イラストとCGは写実的じゃなければセーフだから大丈夫,2019/02/26 1:06:30
799,ID:0YXpbWpu0,配信は作画が佳境の時にやるからね  まだ原稿上がってないって事はそういうことよ,2019/02/26 5:44:42
800,ID:/gv3kYZXd,リコさんもうデコじゃなくなってるしな,2019/02/26 6:02:01
801,ID:ySnnZ2yt0,Made in Abyss 5巻発送されたぜ,2019/02/26 7:52:11
802,ID:ataF5s/Nr,え？Made in Ass?,2019/02/26 8:21:22
803,ID:EmW1iWk6M,それってウン,2019/02/26 8:56:07
804,ID:F0owRTw2K,30日更新への憧れは、止められねぇんだ…,2019/02/26 9:20:43
805,ID:Nj37ibZdd,止めなさいナナチ  期待値をプラスマイナス0に保ったほうが生きるのは楽ですよ,2019/02/26 11:21:12
806,ID:SyoQK2qWr,更新の２月３０日まであと３日んなぁ,2019/02/26 11:27:20
807,ID:mkXiUsmAr,ミーティって衣つけて油で揚げたらどうなるんだろう   熱でたんぱく質が変質するけど切ってなくなった部分だけ揚げる前の組織に再生されるのかな,2019/02/26 11:32:09
808,ID:MXY65emS0,一瞬天ぷらになるけどすぐ衣が剥がれて元に戻るよ,2019/02/26 12:04:42
809,ID:0aJqBqDj0,涙で油はねまくっててぇへんなことになるそす,2019/02/26 12:08:32
810,ID:Nj37ibZdd,>>810  つまり爆発するんですね分かります,2019/02/26 12:25:40
811,ID:feDIlCl2M,喫ミーティしてるとだんだん身体がミーティに置き換わっていき,2019/02/26 12:58:06
812,ID:YNNhCrHgd,ミーティは白子の食感,2019/02/26 13:33:29
813,ID:lTAoRybg0,ナナチに刺ミーティ食べさせてぇなぁ,2019/02/26 13:44:41
814,ID:MXY65emS0,ミーティ食べたら体の中で再生してその内腹破って出てきそう,2019/02/26 13:49:50
815,ID:bP/FTu0k0,>>815  ちぎって食べれば大丈夫  分断されても2匹になったりはしない,2019/02/26 14:37:45
816,ID:ovybMG430,ハラミーティ,2019/02/26 14:46:09
817,ID:JdaXORd+0,ミーティ丸呑みすればお腹の中で消化と再生を繰り返すのか？,2019/02/26 15:08:28
818,ID:shBmtChKM,ヘソは無傷なのか  https://pbs.twimg.com/media/D0M0_o7V4AArZgR.jpg,2019/02/26 15:08:43
819,ID:vJtQamdO0,天ぷらといえば  きりひと讃歌  あれもケモナーか,2019/02/26 15:15:47
820,ID:TWqQROzc0,久々にポケダン赤をやったらパラセクトにしびれごな→キノコのほうし→…のリレーで嬲り殺されたわ  アビスの深層の生物もこんな感じなのかね,2019/02/26 15:21:01
821,ID:IrvlGFHId,そこにやどりぎのたねとまきつくを合わせた感じかな,2019/02/26 15:55:18
822,ID:REht/Fb5p,パラセクトってクオンガタリ並みにやべー生態だからな  宿主が限定されてるからいいものの,2019/02/26 16:05:19
823,ID:yuim7IZla,レグ「シルブプレ～」,2019/02/26 16:14:10
824,ID:Nj37ibZdd,>>819  ｴｯｯｯｯｯｯｯｯｯ,2019/02/26 17:02:44
825,ID:KRV3rSLg0,ミーティを食べてみたボ卿もきっと居たよね,2019/02/26 17:50:14
826,ID:84lJFXIsa,ボ卿の食事風景が想像できん,2019/02/26 18:08:14
827,ID:trFuvWKi0,ボ卿がアビスのグルメを堪能するスピンオフ読みたい,2019/02/26 18:22:25
828,ID:lTAoRybg0,やっぱり狭い隙間からストローで吸うんだろうか,2019/02/26 18:25:09
829,ID:RxnB7Fps0,サー・ボンドルド 昼飯の流儀,2019/02/26 18:25:33
830,ID:TURCO+2vr,もしボがミーティ完食したらどうなるのっと,2019/02/26 18:48:05
831,ID:0aJqBqDj0,バラムツみたいにケツからでてくる,2019/02/26 19:02:02
832,ID:lSTWTG+z0,イルぶる  https://youtu.be/IrdYueB9pY4,2019/02/26 19:02:09
833,ID:NAH7wB+2a,自分をボンドルドだと思いこんでいる一般黒笛,2019/02/26 19:22:30
834,ID:qJXlmYnb0,いるぶるっぽい  今の形になるまでの過程はこんな感じだったのかもね,2019/02/26 19:22:44
835,ID:9khEDCFF0,>>815  どこの佐藤さんかな？,2019/02/26 20:21:12
836,ID:uONKm6YfM,本日は独自開発に成功した行動食5号をご紹介します  これは一欠片食すだけでおよそ一週間食事を摂取する必要がないという優れものです  急激な栄養の注入により大抵の人間は心身に異常をきたしてしまいますが  私が食べて大丈夫だったので成功としました,2019/02/26 20:25:38
837,ID:HdjPzia1a,ナナチが想像してたミーティが食われ続けるシーンの被害者は食べてる側だったか,2019/02/26 20:34:33
838,ID:F0owRTw2K,>>830  自分をボ卿だと思い込んでる黒笛の話か,2019/02/26 20:48:17
839,ID:IbwaZdJ9a,あのシーンでマーティ食べてる食虫植物みたいなのかわいい,2019/02/26 21:40:24
840,ID:RxnB7Fps0,BTTFかな？,2019/02/26 22:20:14
841,ID:lTAoRybg0,腰抜けじゃん,2019/02/26 22:25:10
842,ID:7ZHTU2Zpa,今日の配信情報   水道の水の流れ、それは大まかには知っているけど、たとえば水道局の人がどんなことを思って、どんなことをしてるかまでは全然知らない。  だから、そこをリアルに描くだけでそれはファンタジーになる。   たとえばサンデーの『銀の○』。  馬に乗った人の視線や気持ち、それは自分が全然知らないこと。  そこをリアリティーをもって描かれることで、地に足のついたファンタジーとなる。   つくし卿は、漫画にリアリティーを持たせるために、夜の相模大野の森林で闇の中を彷徨ったりした。めっちゃ怖かった。   ちなみに、いるブルを描くために実際に行って体験したのは大阪の某地区。,2019/02/26 22:46:19
843,ID:7ZHTU2Zpa,さらにちなみに、伊瀬さんなんかは、あらゆる悲しいこと、つらいことがあったとしても、この気持ちや感じを絶対に忘れずに、芝居に活かすんだ！としているらしい。   収録前に、変な格好で固まってるから何かと思ったら、感情のインストールをしているところだったらしい。   収録前に、「今日はもう出来上がっているんで、すぐ入りましょう！」と言うことがあったらしい。   あの人まじすごい（つくし談）,2019/02/26 22:50:47
844,ID:xyHRiGww0,リコさんが連れ込まれてレイ◯されそうになったシーンもつくし卿の実体験を元に描いた訳か,2019/02/26 23:02:08
845,ID:0OpjNCMN0,あれ？今月は30日が無いよ？,2019/02/26 23:25:34
846,ID:Vhp88+hA0,>>843  いるブルどこだよw,2019/02/26 23:48:21
847,ID:ojsFUylo0,ご安心下さい  30日は今は眠っています  きちんと解放しますよ,2019/02/26 23:51:12
848,ID:2/VU0Mwp0,>>847  西成じゃね？,2019/02/26 23:54:55
849,ID:pMt/f9yp0,監視基地にもカルピスの出るじゃぐち欲しいねぇ,2019/02/26 23:57:43
850,ID:oSQ9r2TI0,>>843  森をさ迷うつくし卿ってまるでハボさんだな,2019/02/27 0:08:49
851,ID:894hJt2A0,>>851  つくし卿がすごいスピードで追いかけてきてちんちん確認されるのか,2019/02/27 0:11:18
852,ID:5oGyPZ4M0,マルルクのカルピスが出る蛇口（意味深）,2019/02/27 0:34:14
853,ID:48hPBmXN0,お師さま  ぼく男の子だよ？,2019/02/27 1:25:33
854,ID:2RUMQJ3D0,マルルク「残念でしたね。ボクは男なのでえっちなことは出来ませんよ」,2019/02/27 1:30:34
855,ID:Y8umv7tQ0,>>844  ウィキペディアのあらすじ編集が無いぞ,2019/02/27 1:44:40
856,ID:96tD7NAJ0,へえ編集したんだ？  前のネタバレ満載なあらすじは価値に良くないよなあと思っていたのでgj,2019/02/27 2:31:59
857,ID:s2bazMBA0,この前西成にいってみたけど  確かに成れ果ては多かったな,2019/02/27 6:41:22
858,ID:iIKCnT7A0,ああ  あのジロジロみられる描写は  西成体験から来てるんだ,2019/02/27 7:01:10
859,ID:914L13hg0,西の成れ果て村の略,2019/02/27 7:05:28
860,ID:fLm2UwRjd,つくし卿引っ越しするから忙しいんだわ,2019/02/27 7:14:24
861,ID:KWB0Ami8d,引っ越すの？今のとこより遠いのかな、母登場なくなるのは寂しいわ,2019/02/27 7:41:18
862,ID:iZkvMRrx0,>>847  恐らくあいりん地区だと思うぞ  コンビニの注意書きに「(麻薬用の)注射器を捨てないでください」とか書いてあったり日本唯一のスラム街と言われてる場所,2019/02/27 7:45:53
863,ID:M6QJ5Dk6M,明日は更新そす,2019/02/27 8:10:26
864,ID:lHFvdoo00,>>862  前のところから500ｍくらいしか離れてないらしいぞ,2019/02/27 8:19:42
865,ID:VRshxZZ6M,本当に言葉も通じずガチで命の危険があるのは海外のスラムだけど  非武装の日本人観光客とか普通に殺されるから流石に無理だよな,2019/02/27 8:37:00
866,ID:ItP8QSOO0,昨日の配信はもう新居からだよ  声が聞き取りにくくなったな,2019/02/27 8:39:32
867,ID:HoeEpA4ia,コウシン…コウシン…,2019/02/27 9:07:38
868,ID:JGVfN1OCa,ま↓あ↑ぁ？↑,2019/02/27 9:09:38
869,ID:T3OZmnc10,>>843聞けない時間多いから配信レポありがたいわ,2019/02/27 9:27:29
870,ID:YbhxHM3da,2月はつくし卿に唯一の祝日がある月なのか,2019/02/27 9:34:48
871,ID:quExmCrw0,先導卿って白笛あるのに自分の遺物でラストダイブしたんだよな  よっぽどボ卿に会いたくないかエレベーターに乗り切れない程の仲間がいるんだろうか,2019/02/27 10:19:44
872,ID:ZQBburIra,あれに関わりたくない気持ちはわかる,2019/02/27 10:31:53
873,ID:RZAfIVPza,遺跡無しでのダイブなど独自の深層探索術(遺物)とかあるからボ卿に知られると面倒だから？かな？,2019/02/27 10:34:15
874,ID:N8zNnf8P0,純粋に関わりたくないのと降りてるって記録残したくないとかじゃね,2019/02/27 10:47:57
875,ID:VRshxZZ6M,>>874  でも口ぶりからしてボ卿は先導卿が潜っていくの目撃してるよね,2019/02/27 11:04:34
876,ID:CczNHXkD0,どうせ全力で避けても察知されるけど、普通に絡むとそれ以上に何されるかわからんから全力で避けていった説,2019/02/27 11:22:23
877,ID:ziNEaOPMd,もう白笛はどいつもこいつも、ラストダイブに  なっていない件。,2019/02/27 11:27:58
878,ID:z2EluGb90,ラストダイブって行ったら死ぬんじゃなくて行ったら戻ってこれないってことでしょ  戻ってきてる（？）のはボ卿くらいじゃないの？,2019/02/27 11:34:13
879,ID:N8zNnf8P0,先導卿も二つ名的にいったりきたりしてそう,2019/02/27 11:39:04
880,ID:vs7PTojT0,いやね。ボ卿やオーゼンさんの話を聞くに、  独自の遺物やなんかで行き来してそうな…  (真面目に行ったきりのライザを清々しいと),2019/02/27 11:41:58
881,ID:nHxgxgrja,相当な強運がない限りはどこかで上昇する必要があるだろうね  ボ卿は呪いを押し付ける方法をとったけど、他にも抜け道はありそうだ,2019/02/27 12:19:10
882,ID:Yn/pnUVJd,メスボ卿×オスボ卿のR-18ﾄﾞｼｶﾞﾀ本ありますか？,2019/02/27 12:24:42
883,ID:fuxbtD2dp,ヒトの感覚を奪う5層の呪いはヒトを辞めれば平気になるはず  リコさんやプルシュカがミンチより酷いことになってるのにナナチは慣れてて耐えられるのもその辺関係してたり,2019/02/27 12:24:50
884,ID:jj0ob3OYd,ボがカートリッジ業とか始めなくてよかった    「6層のお伴にはこれ！カートリッジ販売中」,2019/02/27 12:33:55
885,ID:tbLu+oSad,ナナチって上昇負荷受けんのかな？  一回祝福受けたら不老不死になるとかないのかしら,2019/02/27 12:54:17
886,ID:2XREYl07a,人間性を持ってたらやっぱり影響受けるんじゃない？  それが身体に影響するか精神に影響するかで場合によっては結構大丈夫な時はあるだろうけど,2019/02/27 12:59:41
887,ID:UclZmfPA0,わんことかミーティみたいに一切受けないタイプもあるだろうけど、ナナチは「五層の負荷には慣れっこだ」って言ってたから無効ではない模様  レジスト値は高い様な気はするけどね,2019/02/27 13:26:58
888,ID:Np1Y5Zb9a,先導卿が戻るってこれる遺物持ってたらわざわざカートリッジなんて作らないと思う  ボ卿ならカートリッジの数子供育てるより先導卿一人▼殺してでも奪い取る。する方を選びそう,2019/02/27 14:10:47
889,ID:hedlSU4A0,五層負荷を動かずにじっと耐えるナナチだったが  収まってきたころに身体中が生臭くなっていることに気付き…,2019/02/27 15:35:00
890,ID:914L13hg0,ナナチはボから逃げる時にも4層の呪いで血便垂れ流しながら歩いてたし  5層でも慣れてるとはいえ呪い普通に受けてたし  割とガッツリ上昇負荷くらってる,2019/02/27 16:03:51
891,ID:jj0ob3OYd,>>889  ボ卿主観すら度しがたいんだろ先導卿,2019/02/27 16:13:30
892,ID:aBy4Ln46p,ミーティの血だと思ってたわ。もっかい見直そう,2019/02/27 16:14:05
893,ID:z2EluGb90,ナナチは上昇負荷の幕が見えるから避けれるけど負荷自体を食らわないわけじゃないでしょ  6層の呪いが再度かかるかはわからんけど,2019/02/27 16:31:34
894,ID:bKEIcvaYd,6層の負荷は人間性の喪失  ナナチは人間性を残したまま成れ果てた「可能性」,2019/02/27 16:46:38
895,ID:Np1Y5Zb9a,ファプタが六層の呪い無視して飛んでるんだよなあ,2019/02/27 17:05:51
896,ID:vs7PTojT0,実はもうみんな6層の呪いで死んじゃってる  という、トトロの都市伝説みたいな糞オチ  だったりして…,2019/02/27 17:10:07
897,ID:bD3trh0mM,>>876  ボ卿は自分を避けてそうな友達にはあえて話しかけない紳士説,2019/02/27 17:10:13
898,ID:HoeEpA4ia,ボ卿を超える程の度し難しを描けるんやろうか？違う方向での度し難しになるんかな？,2019/02/27 17:17:43
899,ID:6sM9V16ga,ボ卿は愛情深い()けど先導卿はアビス解明の為に全てを犠牲に…うーん弱いか,2019/02/27 17:47:15
900,ID:If/AOoN4a,ボ卿がライザのラストダイブに触れてないのが気になる,2019/02/27 17:54:12
901,ID:bKEIcvaYd,ライザのラストダイブ(意味深),2019/02/27 17:59:12
902,ID:EYiPCvy4d,>>889  ボ卿は祝福が欲しかったから肩代わりさせた説  先導鄕の異物は力場をブチ抜いて呪いを無くすから祝福もなくなるタイプとかね,2019/02/27 18:01:27
903,ID:+Uxg+o/sM,レグの腕をチョン切ったら尿が出まくったのも実体験に基づくのか…,2019/02/27 18:17:54
904,ID:kHUU8VAm0,力場に触れてるとアウトだから穴の上から完全密閉して  力場のない空間を維持できれば、無機物は対象外らしいし呪い無効化はできるんじゃないの  宇宙服みたい遺物ならあるいは、酸素や食事の問題は知らん,2019/02/27 18:25:57
905,ID:ufOfuGKfa,というか「あの方々には私たちと違って戻る術はないのです」みたいなボ卿のセリフ確かあっただろ  他の白笛は戻れない(とボは認識してる)よ,2019/02/27 18:33:04
906,ID:/VUfhKwDr,デカい原生生物の腹の中に入ってれば平気だったり？  イルブルのシェルター機能とかボ卿に解明してもらえればな。,2019/02/27 18:33:33
907,ID:UclZmfPA0,>>905  はいはいゴンドラゴンドラ,2019/02/27 18:38:54
908,ID:cXj6/uHlp,呪い避けのかごの中に入ってエレベーターで上に上がれば6層からでも帰れそう,2019/02/27 18:40:22
909,ID:UclZmfPA0,>>909  なおリコさんは,2019/02/27 18:41:28
910,ID:A2/H2Gex0,リコさんはもう、地上に戻れないのか。リコさんの伝説は地上に轟かないけど、そこのカタルシスはどうするんだろ。  あと、オースから降ってきた弔いの花や名前の札の事もはよ解明して欲しいんだが,2019/02/27 19:01:46
911,ID:OS5xpN6I0,きっちり締めるというよりはリコレグの最後の行動を各自で想像出来るような要素を残して終わりそう,2019/02/27 19:32:57
912,ID:4/VxkJCB0,先導卿でもできる六層以降に潜っても地上に戻れる二つの方法  ①地球の反対側まで穴を掘り脱出  ②呪いの届かないくらい横穴を伸ばし地上へ堀り登る  ※要掘った土を処分出来る系遺物、空気を発生する系遺物,2019/02/27 19:42:07
913,ID:Q/C2kUWrp,ライザの遺したヒントで2千年ごとの呪いの謎を解いて奇跡の生還or生死不明エンド  ラスボスがライザ  リコさん妊娠で子供が地上に向けて旅立つエンド,2019/02/27 19:53:38
914,ID:VRshxZZ6M,横に穴あけたら海水がずどばっとアビスに流れてきてエライコッチャにならん？,2019/02/27 19:55:52
915,ID:ziNEaOPMd,>>913  既にアビスが異次元な異世界だったら  永遠と突き抜け無い、または昔のゲーム  みたいに反対側から出現。  なもんでアビスをずっと降りていくと  いずれ空中に放り出されて…(遥か未来)  最初の白笛「おや？この遺跡に見覚えが」,2019/02/27 19:56:23
916,ID:CSUFkhxM0,構造から見て七層の輪が出口かなーと  あれコーモンでしょきっと,2019/02/27 20:02:57
917,ID:W7ZF9Zm4d,2000年周期で層が逆転すると考えれば、7層の光の輪が出口というのもあるね。,2019/02/27 20:18:55
918,ID:lhOIJvdKa,>>901  先導や神秘と違って正規の手順踏んで普通の手段で行ったから特に言及する必要なかっただけじゃない？,2019/02/27 20:28:59
919,ID:mC7+erGL0,>>915  横穴をあけて海に通じれば、アビスが水没する可能性はあると思う  ただ、見取り図を見た限り、星を覆う海の深さが三層より深いように見えないし  オースから溝を引こうにも、二層の逆さ森が上に向かって滝が流れる謎空間だから  そこで堰き止められそう,2019/02/27 21:00:37
920,ID:894hJt2A0,逆さ森の滝は多分大断層に流れ込むはずの川が空中に放り出された瞬間に気流かなんかで上に吹っ飛ばされてるだけだったはず,2019/02/27 21:04:21
921,ID:nYWbx7uZ0,英語版5巻届いた  ちょっとまってtinkle whatないやん,2019/02/27 21:05:53
922,ID:uCZMEp1H0,>>911  マジカジャさんの速身体(ロケット仕様)でオースの街までひとっ飛び！に手紙を届けてくれるよ！   ところで明日は流石に更新あるよね？,2019/02/27 21:20:11
923,ID:894hJt2A0,更新があったら素直に喜ぼう  無かったら二倍ボリュームのドシガタに備える時間が出来たと考えよう,2019/02/27 21:24:03
924,ID:ovzDS1Dt0,生き物が復活するオーゼン箱にカートリッジ入れたらエネループになってエコじゃね？,2019/02/27 21:25:02
925,ID:GlQUTdLK0,ないアル,2019/02/27 21:25:12
926,ID:y38QB7+Px,>>926  ないのかあるのかハッキリしろ。,2019/02/27 21:28:10
927,ID:BpjXCzd80,6層の負荷であんなんだし7層の確実な死ってまともじゃないんだろうな  オーゼン箱は生き返っても治らないからなぁ,2019/02/27 21:29:07
928,ID:y38QB7+Px,もうあれだよな。  こんだけ更新を待ちわびてる人がいると、つくし教ってのが出来そう。,2019/02/27 21:29:20
929,ID:ItP8QSOO0,明日はないよ,2019/02/27 21:30:05
930,ID:nYWbx7uZ0,anyway, that, uh...zoaholic, it was? that thing's super fishy...   suoer fishyなのは奈落シチューなんだよなぁ,2019/02/27 21:31:15
931,ID:LWcikv/s0,更新お祈り骸骨になっちまう,2019/02/27 21:54:50
932,ID:6swZ4o8t0,>>897  そもそも六層に行ってない可能性も０ではない,2019/02/27 21:58:35
933,ID:Qc+RID6+a,>>921  霧じゃなかった？,2019/02/27 22:06:34
934,ID:kHUU8VAm0,現実でもギアナ高地で1000メートル程度の落差で滝なのに水が途中で蒸気に変遷するし  アビスほどの不思議空間なら海が混じってもストローの吸い途中みたいな感じに詰まるんじゃない,2019/02/27 22:16:42
935,ID:D7rIzb/+0,あしたこうしんあると？,2019/02/27 22:20:03
936,ID:iPqeJCeFd,夜中に更新されて寝不足になる呪い,2019/02/27 22:22:28
937,ID:nHxgxgrja,ご安心ください  竹書房は今は眠っています  きちんと更新しますよ,2019/02/27 22:48:19
938,ID:pEekJ14M0,>>907  腹の中の赤ん坊は上昇負荷受けないのかどうかずっと気になってる,2019/02/27 23:00:08
939,ID:+pZpWEzC0,封印された過去   レグ･･･レグ  新しいちんちんの具合は良いそすよ  喜ぶそす、レグのおかげそすから  二人で手術の成功を祝うそす,2019/02/27 23:14:22
940,ID:+pZpWEzC0,>>907  カートリッジが肉の壁で覆われてるのに使えること  呪いが膜を身体が破ると出るのではなく「命に近いところ」に反応して出ること  そんな簡単なことで呪いが回避できるならボ卿あたりがとっくにやってるだろうこと  を考えるとそうたぶん無理,2019/02/27 23:20:30
941,ID:96tD7NAJ0,精神性を無視してるな  妊婦が胎児に抱く愛慕をボが再現できるならとっくにやっとるかもね,2019/02/27 23:38:01
942,ID:Np1Y5Zb9a,ボ卿が妊婦になって胎児が呪いを受けないかどうか実験するって？,2019/02/27 23:45:02
943,ID:RJr+3i1u0,胎児リコさんは呪いを受けたから  死産だったんでないかね。  籠が蘇生の遺物じゃなくて  ネクロマンサーの遺物だとリコさん  にもまだまだ秘密がありそう。,2019/02/27 23:47:01
944,ID:0xx0j91b0,>>845  つくし卿がレイ○されたの？,2019/02/27 23:48:53
945,ID:g5I6YdiJd,リコが死産だったのは呪いのせいとも考えられるけど  他の生物だって妊娠時に活動してたら弱い胎児にもろ呪い行くはずだからなあ  意外と妊婦のお腹にいるときは「同一の命」「まだ命や精神はないもの」とアビスに判断されて影響ないのかもしれない  生まれて(母体から出て)初めて命や精神はできるって考え、たまに聞くし,2019/02/27 23:49:51
946,ID:RJr+3i1u0,あぁ明日、更新が来てくれたら  この成れ果てスレにも活気が戻るそす！  ….でも、それを上回るつくし卿の  度し難い話が来て人間性の崩壊が起きたりして,2019/02/27 23:51:08
947,ID:nYWbx7uZ0,前回の更新日から8日しかたってないのにこねーだろ？,2019/02/27 23:54:18
948,ID:y4vf2viv0,妊婦が子供お腹に入れたまま６層チャレンジすると母体と子供どちらが先に呪いを受けるのか、もしくはどちらかがカートリッジと同じ役割を果たすのか。気になりますよねナナチ？,2019/02/28 0:08:55
949,ID:Xxt1Soh+0,次の更新2月30日だっけ？,2019/02/28 0:13:30
950,ID:1wUoi/3x0,>>948  今月更新あったか?,2019/02/28 0:13:51
951,ID:OC+Csu7F0,つくし卿が「こうしん」を産み落とすシーンはよ,2019/02/28 0:16:13
952,ID:mAwgL6Iq0,イルぶる内で呪いを受けないのがイルぶる(母1割)の中だからと思ってるが,2019/02/28 0:17:17
953,ID:Xxt1Soh+0,【つくしあきひと】メイドインアビス 深界166層  https://fate.5ch.net/test/read.cgi/comic/1551280533/  これでいいのかな,2019/02/28 0:17:59
954,ID:cuoyUxeR0,>>954  マェン  初めてのスレ立てっぽいのに流れるようにさらりと  素晴らしい価値だよ,2019/02/28 0:23:25
955,ID:4pt9KZNI0,死産の所は描写少なくてなんとも言えないけど  上昇負荷で死亡と蘇生を繰り返してるから祝福は受けてるんじゃない  メガネ外すと目からビームが出るにょ,2019/02/28 0:35:08
956,ID:6PyBWT190,更新まぁぁ,2019/02/28 0:48:51
957,ID:xlKXenEkp,今日は30日…あれ？もしかして更新があるのでは,2019/02/28 0:50:29
958,ID:7KzaC0ci0,>>919  白笛は不屈の花園に無尽鎚と一緒に置いてきてるんだからライザは祭壇エレベータは使えない(使ってない)んじゃないか？,2019/02/28 1:06:20
959,ID:cuoyUxeR0,>>959  祭壇エレベーターで6層行って  おそらくレグが笛持って上がったから  正規のルートで行ってるよ,2019/02/28 1:12:02
960,ID:rXnNWezb0,>>959  ライザが絶界行に降りた時はちゃんと自分の白笛を使ったんじゃない？  それから深界でレグと出会い、白笛と封書と無尽鎚を託して別れた（もう行くよ、ライザって台詞のとこ）  不屈の花園で墓標じみた置き方してるから紛らわしいが、レグにそれらを任せたのは  弔いではなく、単に地上のリコへのメッセンジャーとして寄越したのではなかろうかと思う,2019/02/28 1:38:53
961,ID:+xUSofgm0,リコさんと出会うまでにどれほど度し難いことされてきたんだろうレグくん,2019/02/28 3:11:11
962,ID:W0mRl+9yd,>>951  深層とは時間の流れが違うから…,2019/02/28 7:57:21
963,ID:nqm82QjH0,9時にないなら望み薄,2019/02/28 9:22:48
964,ID:W0mRl+9yd,更新がないのは相応の対価がないからだ  だれかファプタ持ってこい,2019/02/28 10:01:50
965,ID:tb2SWNuv0,>>961  レグに無尽鉉を渡したってことは何か別の装備を持ってるってことだよね,2019/02/28 10:02:44
966,ID:Ht2zTrSBd,更新延期へと踏み入る準備は整いました,2019/02/28 10:11:17
967,ID:OC+Csu7F0,>>965  では代わりに私のパパ棒を,2019/02/28 10:15:13
968,ID:ETIS32YbM,ﾏｧｧｧｧｧ....,2019/02/28 10:16:18
969,ID:CyqVrZXT0,こりゃ次スレにもコウシンガタリが  浸食大発生しそうだな。  ボ卿に殲滅依頼しないといかんな。,2019/02/28 10:21:22
970,ID:PsmOEuGa0,隙有らばコウシンガタリ,2019/02/28 10:35:52
971,ID:EL4WiHtea,>>966  武器が必要ない体になったか…,2019/02/28 10:50:04
972,ID:88PdMbg20,>>966  オーゼンも代わりの武器くらいは見つけてるだろって言ってるしな,2019/02/28 11:08:39
973,ID:QEfbJhQ1p,待ち望んでたはずなのに更新が怖い,2019/02/28 11:18:50
974,ID:CyqVrZXT0,>>973  ライザさんの事だから火葬砲連発出来る  サイコガンみたいな遺物見つけて  「奴さ～」って獅子奮迅しとるだろな。,2019/02/28 11:34:34
975,ID:pMrYbo0Y0,今年は平成最後だから特例として2/30まであるんだよね？ね？,2019/02/28 11:51:09
976,ID:D3Ecu52Vd,まああああああああああ   まアああああああああ,2019/02/28 11:52:38
977,ID:qqOdEDo00,今日は来ると思ってた…  つらい…,2019/02/28 11:56:33
978,ID:cHtbYlU1d,>>579  これの#4更新が0時に来てたから  今日は#51更新ないでしょ  年度内の更新すら怪しくなってきたな,2019/02/28 11:57:00
979,ID:1dd/MJUPr,30日なんだから28日と1日の間に来るでしょまあああああああヽ(;Д;)ノ,2019/02/28 12:02:34
980,ID:EMQSjdNUM,いきなりワズキャンのイルミュ汁のクッキングコーナーから始まったりしてなー（・ _ ・；,2019/02/28 12:10:27
981,ID:NUOErk0l0,カジャはやくワンポイントワズキャン見たいよ,2019/02/28 12:19:41
982,ID:w1/YQUWUr,更新は二日後ですよ慌てないで,2019/02/28 12:47:11
983,ID:wSmfnHCs0,共に更新を見届けましょう,2019/02/28 12:47:25
984,ID:CyqVrZXT0,つくし卿はきっと更新日に死ぬ病だから  リーダーとオーゼンさんが今原因を究明中  オース(日本)の外にいるから当分先だなぁ,2019/02/28 12:48:14
985,ID:heXfevIxa,全裸待機そす,2019/02/28 12:49:17
986,ID:PsmOEuGa0,そす子はいつもすっぽんぽん,2019/02/28 13:08:40
987,ID:Ht2zTrSBd,あそこはパイパンそす,2019/02/28 13:49:06
988,ID:pMrYbo0Y0,もう随分と長い間リコさんのちっぱいを見てないので発狂しそうだ,2019/02/28 14:17:42
989,ID:EMQSjdNUM,「>>989 、ちんちんどうしたの？」,2019/02/28 16:48:47
990,ID:9Va2qZIDa,ファプタの下半身で曲部ツルツルだと痴女服みたいな有様になりそう,2019/02/28 18:01:22
991,ID:V8IUB3vUa,もうつくし卿を豆腐の中に突っ込んで描かせようよ  餓死してもすぐ動き出すから問題ないでしょ,2019/02/28 18:22:59
992,ID:0a5bGPKtd,ショタの臍の穴に向かって動き出すのでNG,2019/02/28 18:26:32
993,ID:Nv0poZgYd,大人描きたくないらしいしウエコも死ぬんじゃね,2019/02/28 18:31:28
994,ID:IF8dpe5ka,次のスレへの準備は出来たか？,2019/02/28 19:21:50
995,ID:IF8dpe5ka,2000年経ったらまた会おう。,2019/02/28 19:22:38
996,ID:sKgo1fyi0,クグふぁもホンでいっそす  ファッツェン！,2019/02/28 19:29:22
997,ID:j+gyL76l0,うめるそす,2019/02/28 19:30:55
998,ID:XGkDqr170,んななぁ！,2019/02/28 19:31:35
999,ID:u14z+xuU0,んなぁ,2019/02/28 19:34:02
1000,Thread,このスレッドは１０００を超えました。  新しいスレッドを立ててください。 life time: 13日 19時間 21分 32秒,0001/01/01 0:00:00
1001,Thread,5ちゃんねるの運営はプレミアム会員の皆さまに支えられています。  運営にご協力お願いいたします。    ───────────────────  《プレミアム会員の主な特典》  ★ 5ちゃんねる専用ブラウザからの広告除去  ★ 5ちゃんねるの過去ログを取得  ★ 書き込み規制の緩和  ───────────────────   会員登録には個人情報は一切必要ありません。  月300円から匿名でご購入いただけます。   ▼ プレミアム会員登録はこちら ▼  https://premium.5ch.net/   ▼ 浪人ログインはこちら ▼  https://login.5ch.net/login.php,0001/01/01 0:00:00
